datetime,open,high,low,close
2023-07-28,25.09,25.52,24.56,24.82
2023-07-29,24.82,25.38,24.76,25.16
2023-07-30,25.17,25.21,23.78,24.25
2023-07-31,24.22,24.78,23.61,23.72
2023-08-01,23.69,24.040001,23.030001,24.01
2023-08-02,24.059999,24.23,22.93,23.15
2023-08-03,23.13,23.37,22.48,22.64
2023-08-04,22.64,23.56,22.51,22.8
2023-08-05,22.79,22.93,22.32,22.65
2023-08-06,22.67,23.43,22.58,23.2
2023-08-07,23.22,23.58,22.42,23.11
2023-08-08,23.12,24.74,23.030001,24.21
2023-08-09,24.24,24.98,24.13,24.39
2023-08-10,24.39,24.86,24.14,24.61
2023-08-11,24.65,24.9,24.36,24.62
2023-08-12,24.62,25.13,24.4,24.9
2023-08-13,24.93,24.94,24.22,24.23
2023-08-14,24.21,25.28,24.12,25.18
2023-08-15,25.19,25.28,23.75,23.92
2023-08-16,23.87,24.02,22.44,22.82
2023-08-17,22.8,23.42,20.040001,21.7
2023-08-18,21.67,22.17,20.98,21.35
2023-08-19,21.34,22.15,21.31,21.9
2023-08-20,21.89,22.01,21.6,21.77
2023-08-21,21.77,21.77,20.44,21.19
2023-08-22,21.21,21.26,19.57,20.59
2023-08-23,20.57,21.78,20.45,21.74
2023-08-24,21.77,22.02,20.68,21.059999
2023-08-25,21.049999,21.049999,20.1,20.42
2023-08-26,20.4,20.42,20.21,20.29
2023-08-27,20.29,20.91,20.24,20.79
2023-08-28,20.77,20.78,20.09,20.57
2023-08-29,20.59,21.98,20.12,21.79
2023-08-30,21.81,21.95,20.6,20.81
2023-08-31,20.8,21.01,19.49,19.74
2023-09-01,19.7,19.92,19.08,19.32
2023-09-02,19.32,19.68,19.15,19.5
2023-09-03,19.5,19.67,19.26,19.57
2023-09-04,19.58,20.0,19.17,19.52
2023-09-05,19.54,20.57,19.049999,20.26
2023-09-06,20.26,20.37,19.21,19.64
2023-09-07,19.62,19.99,19.34,19.9
2023-09-08,19.94,20.27,19.39,19.61
2023-09-09,19.61,19.61,19.39,19.43
2023-09-10,19.43,19.44,17.85,18.24
2023-09-11,18.24,18.44,17.4,17.74
2023-09-12,17.73,18.7,17.57,17.91
2023-09-13,17.92,18.52,17.71,18.4
2023-09-14,18.41,19.3,18.41,18.85
2023-09-15,18.86,19.43,18.57,19.14
2023-09-16,19.15,19.41,18.88,19.13
2023-09-17,19.13,19.13,18.68,18.82
2023-09-18,18.8,20.12,18.61,19.65
2023-09-19,19.64,20.36,19.58,20.030001
2023-09-20,20.040001,20.51,19.82,20.29
2023-09-21,20.28,20.29,19.32,19.46
2023-09-22,19.46,19.78,19.17,19.43
2023-09-23,19.43,19.56,19.29,19.49
2023-09-24,19.5,19.65,19.28,19.36
2023-09-25,19.34,19.74,19.14,19.4
2023-09-26,19.39,19.52,18.86,19.030001
2023-09-27,19.02,19.46,18.76,19.13
2023-09-28,19.13,19.97,19.11,19.96
2023-09-29,19.98,20.42,19.85,20.28
2023-09-30,20.29,21.76,20.1,21.36
2023-10-01,21.37,24.44,21.14,23.89
2023-10-02,23.98,24.66,22.93,23.36
2023-10-03,23.41,24.7,23.27,23.61
2023-10-04,23.59,23.77,22.67,23.14
2023-10-05,23.11,23.73,22.59,22.67
2023-10-06,22.68,23.73,22.68,23.41
2023-10-07,23.42,24.11,23.09,23.3
2023-10-08,23.28,23.61,23.1,23.22
2023-10-09,23.2,23.37,21.79,22.1
2023-10-10,22.07,22.46,21.7,22.1
2023-10-11,22.11,22.42,21.63,22.02
2023-10-12,22.01,22.030001,21.040001,21.3
2023-10-13,21.28,22.17,21.12,21.84
2023-10-14,21.86,22.22,21.81,22.0
2023-10-15,21.99,22.15,21.67,21.91
2023-10-16,21.92,24.56,21.9,23.95
2023-10-17,23.97,24.52,23.59,23.93
2023-10-18,23.93,24.36,23.38,23.42
2023-10-19,23.39,25.42,23.16,24.94
2023-10-20,24.92,27.35,24.73,27.02
2023-10-21,27.030001,30.16,26.66,29.32
2023-10-22,29.3,29.99,28.12,29.049999
2023-10-23,28.98,32.72,28.77,31.92
2023-10-24,32.0,32.55,29.59,30.16
2023-10-25,30.2,33.85,30.040001,32.45
2023-10-26,32.46,33.24,30.79,32.78
2023-10-27,32.81,33.31,31.46,31.72
2023-10-28,31.69,32.5,31.41,31.63
2023-10-29,31.63,33.14,31.31,32.8
2023-10-30,32.83,35.19,32.34,34.94
2023-10-31,34.92,38.58,34.86,38.39
2023-11-01,38.41,46.45,37.9,41.099998
2023-11-02,41.26,44.49,38.77,40.25
2023-11-03,40.14,40.14,38.07,39.45
2023-11-04,39.46,42.67,39.029999,42.42
2023-11-05,42.49,42.82,40.27,41.14
2023-11-06,41.15,42.19,39.67,42.19
2023-11-07,42.16,44.4,40.26,42.94
2023-11-08,42.9,43.86,42.3,43.12
2023-11-09,43.11,48.76,42.029999,45.33
2023-11-10,45.29,57.44,45.080002,56.67
2023-11-11,56.85,63.54,53.62,56.38
2023-11-12,56.46,61.81,54.63,56.35
2023-11-13,56.26,59.8,51.6,51.63
2023-11-14,51.82,57.73,51.82,56.82
2023-11-15,56.81,67.010002,56.23,65.54
2023-11-16,65.77,68.07,56.57,57.83
2023-11-17,57.89,60.44,54.21,58.49
2023-11-18,58.36,59.31,54.84,58.55
2023-11-19,58.56,62.0,56.72,61.080002
2023-11-20,61.19,61.19,56.22,56.58
2023-11-21,56.53,57.3,51.37,51.65
2023-11-22,51.73,58.82,51.73,57.54
2023-11-23,57.67,59.5,56.2,56.41
2023-11-24,56.55,58.71,56.25,56.87
2023-11-25,56.68,59.72,55.81,58.8
2023-11-26,58.84,59.0,56.26,57.54
2023-11-27,57.55,58.029999,53.6,55.049999
2023-11-28,55.07,58.62,53.98,58.18
2023-11-29,58.25,61.7,57.76,59.29
2023-11-30,59.36,61.65,58.85,59.19
2023-12-01,59.31,61.84,58.61,59.75
2023-12-02,59.67,63.9,59.67,63.78
2023-12-03,63.65,65.41,62.33,62.98
2023-12-04,62.99,65.24,60.040001,61.58
2023-12-05,61.66,62.55,59.16,60.97
2023-12-06,61.080002,66.64,61.080002,61.88
2023-12-07,61.86,69.32,61.66,67.8
2023-12-08,67.9,75.24,67.9,74.89
2023-12-09,75.18,77.55,71.85,72.33
2023-12-10,72.57,74.83,70.75,74.75
2023-12-11,74.91,74.91,65.16,70.31
2023-12-12,70.25,72.39,65.98,68.57
2023-12-13,68.44,72.47,64.050003,70.59
2023-12-14,70.76,76.18,69.68,75.68
2023-12-15,75.79,79.46,72.22,72.56
2023-12-16,72.49,77.2,71.25,73.74
2023-12-17,73.71,74.95,70.6,70.84
2023-12-18,71.0,75.38,67.15,74.39
2023-12-19,74.42,76.36,71.85,73.089996
2023-12-20,73.029999,83.98,73.0,82.2
2023-12-21,82.28,95.43,81.21,93.92
2023-12-22,94.15,99.34,90.71,97.95
2023-12-23,98.0,109.65,92.85,107.94
2023-12-24,107.92,117.95,107.52,112.46
2023-12-25,112.9,125.45,108.16,120.78
2023-12-26,121.15,121.28,103.49,112.68
2023-12-27,112.64,115.27,105.059998,106.75
2023-12-28,106.75,109.41,97.31,101.83
2023-12-29,102.019997,109.71,99.63,106.17
2023-12-30,106.24,107.4,100.85,101.82
2023-12-31,101.94,105.16,99.6,101.58
2024-01-01,101.56,109.63,101.55,109.63
2024-01-02,109.78,116.92,106.050003,106.76
2024-01-03,106.74,109.88,86.099998,98.53
2024-01-04,98.47,108.040001,96.72,104.85
2024-01-05,104.88,105.25,95.59,99.92
2024-01-06,99.99,100.21,91.54,93.72
2024-01-07,93.81,96.71,87.92,89.33
2024-01-08,89.26,99.91,85.23,97.83
2024-01-09,97.88,103.89,95.48,99.37
2024-01-10,99.2,105.28,92.35,102.029999
2024-01-11,101.93,107.050003,97.78,99.86
2024-01-12,99.9,100.47,87.57,92.059998
2024-01-13,92.11,97.019997,89.59,95.77
2024-01-14,95.91,102.73,93.75,93.84
2024-01-15,93.96,96.88,93.2,94.4
2024-01-16,94.35,98.68,94.2,97.6
2024-01-17,97.72,102.7,96.89,102.089996
2024-01-18,102.29,103.46,91.66,94.37
2024-01-19,94.25,95.33,87.059998,93.66
2024-01-20,93.51,94.25,90.27,92.78
2024-01-21,92.79,93.9,90.84,91.080002
2024-01-22,91.019997,91.89,82.37,83.86
2024-01-23,83.89,85.95,79.019997,84.31
2024-01-24,84.2,89.3,83.32,88.78
2024-01-25,88.9,89.59,85.17,86.9
2024-01-26,86.8,93.68,86.099998,92.21
2024-01-27,92.29,94.47,90.72,94.28
2024-01-28,94.35,99.43,93.4,95.98
2024-01-29,95.92,101.87,95.11,101.61
2024-01-30,101.85,106.34,101.029999,101.37
2024-01-31,101.51,102.56,96.099998,97.050003
2024-02-01,96.89,98.019997,93.15,97.81
2024-02-02,97.88,102.51,97.47,100.55
2024-02-03,100.63,101.17,96.72,97.94
2024-02-04,97.85,98.54,95.099998,95.44
2024-02-05,95.47,98.66,94.18,95.64
2024-02-06,95.62,97.86,93.32,96.85
2024-02-07,96.89,101.42,94.77,101.07
2024-02-08,101.25,104.91,100.56,102.76
2024-02-09,102.87,108.95,102.82,106.9
2024-02-10,106.94,110.84,106.91,109.029999
2024-02-11,109.14,110.64,107.28,107.44
2024-02-12,107.48,112.21,103.54,111.8
2024-02-13,111.87,114.86,108.41,112.49
2024-02-14,112.49,118.65,110.7,116.93
2024-02-15,116.93,118.32,111.53,113.52
2024-02-16,113.49,114.24,108.2,110.33
2024-02-17,110.25,111.040001,105.8,108.91
2024-02-18,108.92,114.029999,107.53,112.21
2024-02-19,112.26,114.77,111.010002,111.46
2024-02-20,111.55,112.089996,104.83,108.29
2024-02-21,108.33,108.34,100.27,105.07
2024-02-22,105.010002,107.040001,101.53,101.77
2024-02-23,101.65,103.089996,98.76,99.82
2024-02-24,99.88,104.69,98.51,104.010002
2024-02-25,104.019997,104.41,102.080002,103.47
2024-02-26,103.45,110.68,100.36,109.84
2024-02-27,109.98,112.18,105.59,108.39
2024-02-28,108.38,118.89,107.26,118.89
2024-02-29,119.33,134.48,117.42,125.62
2024-03-01,125.89,137.50999,125.89,129.89999
2024-03-02,129.46001,131.61,127.33,130.070007
2024-03-03,130.080002,132.059998,124.75,130.2
2024-03-04,130.14,134.94,127.44,132.86
2024-03-05,133.23,142.5,111.21,125.33
2024-03-06,125.84,134.88,120.14,130.7
2024-03-07,131.039993,149.0,130.66,143.81
2024-03-08,143.95,152.62,142.13,144.7
2024-03-09,144.88,149.070007,143.74001,144.25999
2024-03-10,144.2,148.5,140.56,144.39
2024-03-11,144.27,150.080002,136.63,148.77
2024-03-12,148.96001,154.87,141.86,151.039993
2024-03-13,151.25,166.53,148.81,163.89999
2024-03-14,164.0099945,178.039993,159.47,176.50999
2024-03-15,176.94,188.84,165.25,183.32001
2024-03-16,183.94,197.78999,177.23,182.11
2024-03-17,181.99001,204.5,178.92,201.82001
2024-03-18,201.92,209.95,194.53,195.92
2024-03-19,195.73,198.53,166.25,169.84
2024-03-20,170.12,193.14,162.75,191.75999
2024-03-21,191.25999,195.41,175.89999,179.39999
2024-03-22,179.39,181.69,167.64,175.14
2024-03-23,174.64,178.78,170.49001,172.61
2024-03-24,172.69,186.55,171.37,183.67
2024-03-25,183.91,194.45,181.080002,188.97
2024-03-26,189.2,196.53,186.36,190.44
2024-03-27,190.42999,192.56,180.38,186.19
2024-03-28,186.25,190.84,180.94,189.39
2024-03-29,189.55,192.95,183.53999,192.070007
2024-03-30,192.16,199.78999,190.89999,194.17999
2024-03-31,194.11,203.11,193.69,202.50999
2024-04-01,202.25,204.21001,187.31,192.17999
2024-04-02,191.89,191.89999,175.95,181.42999
2024-04-03,181.46001,191.61,177.10001,185.070007
2024-04-04,184.92999,190.089996,180.24001,183.99001
2024-04-05,183.67999,185.020004,168.020004,174.35001
2024-04-06,174.35001,179.7,173.59,178.7
2024-04-07,178.72,182.62,176.96001,179.52
2024-04-08,179.25,184.5,175.52,180.7
2024-04-09,180.35001,180.86,169.42,172.39
2024-04-10,172.3,175.44,163.3,173.3
2024-04-11,172.92,176.28999,170.14999,172.36
2024-04-12,172.39999,175.89,142.10001,153.27
2024-04-13,152.99001,154.81,119.99,138.77
2024-04-14,138.11,152.46001,130.84,151.42999
2024-04-15,150.25999,155.91,133.92999,138.53
2024-04-16,138.12,140.32001,126.66,136.21001
2024-04-17,136.14,142.63,127.080002,131.91
2024-04-18,131.84,143.75999,128.020004,142.080002
2024-04-19,141.92999,147.42,128.61,142.31
2024-04-20,142.52,152.24001,139.67999,151.13
2024-04-21,151.2,153.28999,146.92999,148.8
2024-04-22,148.96001,158.37,146.87,156.98
2024-04-23,157.059998,159.98,153.11,154.75
2024-04-24,154.78999,159.75,145.73,147.75
2024-04-25,147.55,149.44,142.25,144.78999
2024-04-26,144.84,146.059998,138.91,139.12
2024-04-27,139.24001,142.95,134.0099945,141.31
2024-04-28,141.31,144.60001,137.19,137.99001
2024-04-29,137.7,138.89,133.45,137.69
2024-04-30,137.89,139.67999,121.58,126.76
2024-05-01,126.76,135.67,119.16,134.63
2024-05-02,134.63,140.66,128.3,137.64
2024-05-03,137.63,144.87,136.0,143.62
2024-05-04,143.63,149.059998,142.35001,146.050003
2024-05-05,146.12,147.98,143.25,145.7
2024-05-06,145.75,156.57001,145.46001,152.82001
2024-05-07,152.89,159.080002,147.98,148.059998
2024-05-08,147.95,149.94,140.039993,142.17
2024-05-09,142.22,153.21001,140.64,152.85001
2024-05-10,152.59,155.57001,144.74001,146.029999
2024-05-11,146.029999,147.52,143.31,145.39999
2024-05-12,145.25999,147.8,142.92,143.42999
2024-05-13,143.42999,150.56,138.0,147.39
2024-05-14,147.48,148.96001,141.94,142.020004
2024-05-15,142.2,158.7,141.37,158.25999
2024-05-16,158.35001,164.42,156.75,159.32001
2024-05-17,159.53,171.96001,159.42,169.42999
2024-05-18,169.46001,176.0,168.75,172.42999
2024-05-19,172.46001,175.46001,166.44,169.92999
2024-05-20,170.12,188.24001,167.83,186.78999
2024-05-21,186.71001,188.74001,174.50999,178.17
2024-05-22,178.33,183.25999,175.11,176.96001
2024-05-23,177.12,180.78,167.38,176.029999
2024-05-24,176.080002,176.080002,162.78,167.78999
2024-05-25,167.59,170.38,166.10001,168.39
2024-05-26,168.39999,168.39999,161.2,163.39
2024-05-27,163.52,172.23,163.39999,170.14999
2024-05-28,170.14999,173.17,165.10001,168.72
2024-05-29,168.99001,173.78,167.31,168.3
2024-05-30,168.21001,172.3,163.67,166.91
2024-05-31,166.84,170.83,164.059998,165.61
2024-06-01,165.64999,167.89,165.64999,166.14
2024-06-02,166.14999,167.070007,161.42,163.32001
2024-06-03,163.039993,167.13,161.85001,164.89
2024-06-04,164.8,171.86,164.42,171.78
2024-06-05,171.84,175.57001,171.25,173.5
2024-06-06,173.55,174.38,167.77,170.14999
2024-06-07,170.039993,172.60001,154.38,162.50999
2024-06-08,162.36,163.73,157.41,157.83
2024-06-09,157.87,163.029999,156.63,162.12
2024-06-10,162.17999,163.13,157.60001,159.050003
2024-06-11,158.98,159.64999,145.71001,149.35001
2024-06-12,149.37,161.59,145.5,155.24001
2024-06-13,155.10001,155.16,146.050003,147.25
2024-06-14,147.50999,148.96001,139.92999,143.070007
2024-06-15,143.070007,145.69,143.0,145.52
2024-06-16,145.56,151.27,143.12,151.27
2024-06-17,151.12,151.77,140.0,143.23
2024-06-18,143.28999,143.78,129.0,137.41
2024-06-19,137.17999,141.77,134.67,135.66
2024-06-20,135.49001,141.059998,131.99001,133.53
2024-06-21,133.57001,135.31,128.81,134.55
2024-06-22,134.67,136.64,133.070007,133.7
2024-06-23,133.71001,135.080002,128.24001,128.66
2024-06-24,128.53999,132.57001,123.55,132.34
2024-06-25,132.27,139.82001,131.22,136.59
2024-06-26,136.56,140.32001,134.92,136.81
2024-06-27,136.85001,151.0099945,135.23,149.74001
2024-06-28,149.63,150.38,139.029999,140.029999
2024-06-29,140.050003,143.080002,139.77,140.25
2024-06-30,140.17999,147.47,137.24001,146.60001
2024-07-01,146.74001,149.12,145.89999,146.71001
2024-07-02,146.67999,154.99001,146.16,153.92999
2024-07-03,154.080002,154.48,139.55,140.78
2024-07-04,140.83,142.71001,127.23,127.66
2024-07-05,128.039993,136.10001,121.07,134.3
2024-07-06,134.2,144.13,132.47,143.13
2024-07-07,143.31,143.31,131.39999,131.53
2024-07-08,131.83,141.73,128.089996,139.71001
2024-07-09,139.81,144.059998,136.53,141.37
2024-07-10,141.42,145.95,138.67999,142.080002
2024-07-11,141.96001,145.39999,135.72,135.77
2024-07-12,135.72,140.48,134.089996,139.48
2024-07-13,139.48,143.48,137.98,141.87
2024-07-14,142.11,148.53,142.089996,147.72
2024-07-15,147.67999,159.89999,147.039993,159.62
2024-07-16,159.38,162.42,152.74001,160.5
2024-07-17,160.63,163.57001,154.71001,155.3
2024-07-18,155.52,161.55,155.31,159.22
2024-07-19,159.21001,171.24001,156.25999,169.13
2024-07-20,169.23,175.0099945,167.35001,173.60001
2024-07-21,173.88,184.97,170.7,184.42
2024-07-22,184.52,184.86,176.84,178.95
2024-07-23,178.78,180.48,170.87,173.0099945
2024-07-24,173.050003,182.39999,171.039993,178.16
2024-07-25,178.0099945,179.53999,165.71001,171.85001
2024-07-26,171.99001,183.50999,171.92999,183.059998
2024-07-27,183.14999,188.10001,178.12,183.83
2024-07-28,183.64999,186.58,181.31,184.89999
2024-07-29,184.89999,193.89999,181.66,182.55
2024-07-30,183.19,184.75999,175.7,179.089996
2024-07-31,179.19,184.24001,171.73,171.73
2024-08-01,171.88,172.78999,158.029999,167.52
2024-08-02,167.39999,169.37,150.11,152.88
2024-08-03,152.83,153.95,140.12,142.44
2024-08-04,142.48,146.029999,132.0,138.19
2024-08-05,138.3,139.050003,110.07,129.67
2024-08-06,129.50999,149.31,129.50999,144.39999
2024-08-07,144.38,154.96001,142.48,144.42999
2024-08-08,144.71001,163.23,141.47,162.99001
2024-08-09,163.25,163.53,151.10001,156.23
2024-08-10,156.14999,158.48,152.69,154.0099945
2024-08-11,154.039993,157.77,141.25,141.47
2024-08-12,141.41,150.66,141.41,146.28999
2024-08-13,146.020004,149.7,142.98,146.64999
2024-08-14,146.63,151.82001,142.56,143.75999
2024-08-15,143.77,147.39,138.10001,142.49001
2024-08-16,142.28,144.83,136.2,139.029999
2024-08-17,138.89999,141.95,137.64999,141.92999
2024-08-18,141.95,147.0099945,140.75999,142.38
2024-08-19,142.25999,145.39999,140.36,144.32001
2024-08-20,144.16,148.60001,141.19,142.28999
2024-08-21,142.28999,144.33,139.0,142.72
2024-08-22,142.94,144.77,140.84,143.22
2024-08-23,143.25999,153.75,142.7,153.13
2024-08-24,153.28999,162.14,152.0099945,160.66
2024-08-25,160.64,161.96001,155.31,159.10001
2024-08-26,159.27,161.87,155.57001,157.14
2024-08-27,157.11,159.55,145.28999,146.89
2024-08-28,146.67999,148.7,140.63,143.91
2024-08-29,143.8,147.3,138.13,140.0099945
2024-08-30,139.74001,141.059998,132.33,137.98
2024-08-31,138.020004,139.19,134.55,135.35001
2024-09-01,135.36,136.050003,127.85,128.53999
2024-09-02,128.8,135.38,127.13,134.95
2024-09-03,134.94,137.25,127.36,127.51
2024-09-04,127.62,134.83,122.72,133.64999
2024-09-05,133.50999,135.39,127.93,129.47
2024-09-06,129.36,134.23,120.9,125.040001
2024-09-07,124.93,129.32001,124.24,127.74
2024-09-08,127.81,131.53,126.65,130.14999
2024-09-09,130.23,136.84,127.089996,135.050003
2024-09-10,135.080002,137.86,132.58,135.61
2024-09-11,135.63,135.87,128.39,132.39999
2024-09-12,132.49001,136.66,132.42999,136.039993
2024-09-13,136.14,139.74001,131.81,139.050003
2024-09-14,139.13,139.74001,135.73,137.14999
2024-09-15,137.16,137.92,130.78999,131.39
2024-09-16,131.36,132.32001,129.050003,131.41
2024-09-17,131.41,135.50999,130.36,131.53999
2024-09-18,131.44,134.34,127.17,134.34
2024-09-19,134.50999,143.89999,134.32001,142.88
2024-09-20,143.14999,152.10001,141.22,146.7
2024-09-21,146.55,149.8,144.67,149.39
2024-09-22,149.42999,149.87,141.28,144.69
2024-09-23,144.75999,148.99001,142.19,144.69
2024-09-24,144.78999,153.96001,143.33,152.66
2024-09-25,152.89999,153.75999,147.37,148.0
2024-09-26,148.020004,158.0,146.58,155.55
2024-09-27,155.50999,160.99001,154.0099945,157.64
2024-09-28,157.7,159.39999,155.14999,156.71001
2024-09-29,156.86,161.73,155.14,158.46001
2024-09-30,158.53999,159.71001,151.89999,152.63
2024-10-01,152.64,157.3,142.7,145.25
2024-10-02,145.19,148.91,138.67,140.23
2024-10-03,140.19,142.89999,133.37,136.85001
2024-10-04,136.82001,144.47,135.98,143.14999
2024-10-05,143.28999,144.88,141.089996,142.58
2024-10-06,142.62,146.67999,142.0,146.48
2024-10-07,146.46001,152.23,143.58,143.91
2024-10-08,144.24001,145.55,141.22,143.49
2024-10-09,143.5,145.34,138.66,139.33
2024-10-10,139.33,140.92,135.52,139.03
2024-10-11,139.04,146.62,138.68,145.53
2024-10-12,145.52,147.32,144.71,146.4
2024-10-13,146.39,148.86,144.45,147.74
2024-10-14,147.74,158.1,146.8,157.59
2024-10-15,157.59,159.73,150.3,154.76
2024-10-16,154.76,158.41,153.0,154.28
2024-10-17,154.28,155.73,147.66,150.5
2024-10-18,150.5,156.65,149.56,154.94
2024-10-19,154.93,159.85,153.45,159.79
2024-10-20,159.79,167.94,157.58,167.4
2024-10-21,167.4,171.76,160.99,166.17
2024-10-22,166.16,170.99,162.99,167.59
2024-10-23,167.6,174.3,164.13,170.85
2024-10-24,170.86,179.3,170.5,177.19
2024-10-25,177.19,177.6,159.12,164.9
2024-10-26,164.91,173.25,162.43,170.88
2024-10-27,170.87,178.27,170.26,176.63
2024-10-28,176.63,179.8,172.45,178.29
2024-10-29,178.28,183.38,176.41,179.42
2024-10-30,179.43,181.36,173.01,174.87
2024-10-31,174.87,176.56,167.56,168.69
2024-11-01,168.69,174.0,163.43,166.1
2024-11-02,166.11,168.61,162.11,166.17
2024-11-03,166.16,166.61,157.82,162.53
2024-11-04,162.52,165.04,155.11,157.95
2024-11-05,157.95,169.3,156.86,166.62
2024-11-06,166.63,190.01,166.4,186.59
2024-11-07,186.59,197.84,185.84,196.35
2024-11-08,196.36,205.0,195.64,199.85
2024-11-09,199.86,203.45,194.86,199.89
2024-11-10,199.89,215.27,198.68,210.07
2024-11-11,210.07,224.0,204.16,222.13
2024-11-12,222.12,225.21,204.71,211.64
2024-11-13,211.63,220.44,200.67,215.13
2024-11-14,215.14,222.8,206.78,209.57
2024-11-15,209.57,220.5,204.48,218.45
2024-11-16,218.44,221.99,213.35,215.71
2024-11-17,215.72,242.33,212.1,237.47
2024-11-18,237.47,248.44,234.01,239.79
2024-11-19,239.79,247.5,233.4,237.63
2024-11-20,237.64,242.54,230.37,235.48
2024-11-21,235.48,259.8,229.6,256.37
2024-11-22,256.38,264.39,251.47,256.9
2024-11-23,256.9,264.0,252.69,254.89
2024-11-24,254.9,259.78,240.93,252.73
2024-11-25,252.74,256.7,231.21,234.18
2024-11-26,234.18,239.66,221.8,230.69
2024-11-27,230.69,243.33,227.51,241.96
2024-11-28,241.96,245.28,232.8,237.59
2024-11-29,237.58,246.77,236.55,243.33
2024-11-30,243.33,245.4,237.5,237.6
2024-12-01,237.6,239.89,234.1,236.8
2024-12-02,236.79,238.2,220.0,225.72
2024-12-03,225.73,239.6,215.0,233.92
2024-12-04,233.92,241.0,224.67,229.15
2024-12-05,229.15,244.77,222.95,235.84
2024-12-06,235.84,247.0,230.92,236.87
2024-12-07,236.87,243.61,234.12,238.14
2024-12-08,238.14,241.51,233.22,237.02
2024-12-09,237.02,237.28,203.0,216.63
2024-12-10,216.62,221.06,203.21,213.6
2024-12-11,213.6,230.65,211.51,227.29
2024-12-12,227.29,234.69,225.67,226.96
2024-12-13,226.95,228.44,220.6,224.79
2024-12-14,224.79,227.51,215.13,219.93
2024-12-15,219.94,225.5,215.68,224.27
2024-12-16,224.26,227.56,213.26,216.19
2024-12-17,216.19,228.95,211.36,223.15
2024-12-18,223.16,226.04,204.8,206.53
2024-12-19,206.53,212.14,187.0,193.81
2024-12-20,193.82,199.81,175.26,194.48
2024-12-21,194.48,201.98,178.3,181.45
2024-12-22,181.46,187.87,176.88,180.52
2024-12-23,180.53,193.48,176.48,190.11
2024-12-24,190.12,199.0,186.13,197.09
2024-12-25,197.09,201.85,195.0,197.44
2024-12-26,197.45,199.71,186.54,188.46
2024-12-27,188.46,194.39,182.74,184.22
2024-12-28,184.22,196.1,183.82,195.5
2024-12-29,195.5,197.71,188.57,189.94
2024-12-30,189.94,196.47,185.89,191.38
2024-12-31,191.37,199.27,188.04,189.31
2025-01-01,189.31,195.33,188.0,194.28
2025-01-02,194.28,210.48,193.43,208.31
2025-01-03,208.3,219.83,205.63,217.99
2025-01-04,218.0,218.18,213.54,216.67
2025-01-05,216.67,219.05,211.46,213.41
2025-01-06,213.41,223.18,211.56,218.22
2025-01-07,218.22,219.11,201.8,202.17
2025-01-08,202.17,203.28,188.34,197.48
2025-01-09,197.48,199.06,182.0,184.95
2025-01-10,184.96,193.02,183.51,187.68
2025-01-11,187.69,191.91,184.01,188.09
2025-01-12,188.09,191.0,185.17,188.51
2025-01-13,188.5,191.99,168.88,182.87
2025-01-14,182.86,190.11,181.88,187.57
2025-01-15,187.57,206.04,185.84,205.86
2025-01-16,205.86,217.14,198.47,211.14
2025-01-17,211.15,222.11,209.84,219.51
2025-01-18,219.52,270.67,217.29,261.97
2025-01-19,261.97,295.83,236.68,252.42
2025-01-20,252.4,273.29,229.44,242.19
2025-01-21,242.18,260.06,230.0,250.33
2025-01-22,250.33,272.03,248.43,257.36
2025-01-23,257.37,258.48,242.19,253.11
2025-01-24,253.12,270.18,247.18,253.37
2025-01-25,253.36,260.78,246.33,256.41
2025-01-26,256.4,260.16,240.32,240.5
2025-01-27,240.49,242.68,220.89,234.89
2025-01-28,234.9,244.0,225.01,227.06
2025-01-29,227.06,238.49,222.63,228.16
2025-01-30,228.16,244.7,226.84,238.31
2025-01-31,238.3,241.82,228.24,231.77
2025-02-01,231.77,236.46,212.74,213.03
2025-02-02,213.03,218.9,192.31,203.51
2025-02-03,203.52,218.7,175.89,216.28
2025-02-04,216.27,219.97,201.87,206.64
2025-02-05,206.64,209.39,195.14,196.12
2025-02-06,196.12,203.98,187.39,189.54
2025-02-07,189.53,203.42,188.12,191.99
2025-02-08,192.0,200.88,189.81,199.32
2025-02-09,199.32,207.37,193.53,200.47
2025-02-10,200.47,209.05,195.85,200.47
2025-02-11,200.47,206.18,195.12,197.96
2025-02-12,197.95,198.56,188.48,196.78
2025-02-13,196.78,198.47,188.78,194.25
2025-02-14,194.24,205.34,194.11,199.39
2025-02-15,199.4,200.27,192.61,194.48
2025-02-16,194.47,196.24,186.3,188.27
2025-02-17,188.26,189.72,174.63,177.53
2025-02-18,177.53,179.09,160.88,169.32
2025-02-19,169.32,174.3,163.75,168.93
2025-02-20,168.94,176.65,167.66,176.0
2025-02-21,176.0,180.52,167.15,168.94
2025-02-22,168.94,174.68,168.07,172.07
2025-02-23,172.07,173.07,166.42,167.94
2025-02-24,167.94,169.69,138.0,141.81
2025-02-25,141.81,147.09,131.91,144.33
2025-02-26,144.33,145.19,130.65,135.32
2025-02-27,135.33,142.9,134.71,137.68
2025-02-28,137.68,148.72,125.55,148.18
2025-03-01,148.18,151.25,138.57,143.66
2025-03-02,143.66,179.85,140.04,178.71
2025-03-03,178.72,179.47,139.21,142.16
2025-03-04,142.16,147.0,130.66,144.79
2025-03-05,144.8,149.73,140.18,146.28
2025-03-06,146.27,152.9,142.44,143.31
2025-03-07,143.3,150.88,135.04,139.39
2025-03-08,139.39,141.09,135.29,137.01
2025-03-09,137.01,139.88,125.41,126.51
2025-03-10,126.52,131.57,115.47,118.32
2025-03-11,118.32,128.43,112.0,125.35
2025-03-12,125.35,131.33,121.22,126.62
2025-03-13,126.61,128.76,120.76,123.37
2025-03-14,123.36,136.03,122.98,133.54
2025-03-15,133.53,136.53,132.44,135.86
2025-03-16,135.86,136.71,125.21,126.13
2025-03-17,126.13,130.64,125.55,128.01
2025-03-18,128.01,128.19,121.76,125.33
2025-03-19,125.33,136.08,124.2,135.33
2025-03-20,135.33,136.12,126.65,127.6
2025-03-21,127.6,130.18,124.81,128.48
2025-03-22,128.47,131.84,127.8,128.51
2025-03-23,128.5,134.06,128.21,132.84
2025-03-24,132.85,144.96,132.04,141.01
2025-03-25,141.01,147.48,138.17,143.64
2025-03-26,143.64,145.49,135.89,137.34
2025-03-27,137.35,140.22,135.63,138.43
2025-03-28,138.44,139.05,127.69,129.49
2025-03-29,129.5,130.54,122.68,124.58
2025-03-30,124.58,127.08,123.0,124.82
2025-03-31,124.83,127.81,122.75,124.54
2025-04-01,124.53,130.55,123.74,126.67
2025-04-02,126.68,136.21,117.0,117.42
2025-04-03,117.42,120.94,112.24,117.17
2025-04-04,117.17,124.0,113.25,122.79
2025-04-05,122.8,122.85,117.15,120.32
2025-04-06,120.33,121.13,103.81,105.91
2025-04-07,105.9,113.0,95.26,106.99
2025-04-08,106.98,112.58,102.96,105.4
2025-04-09,105.4,121.0,101.26,119.05
2025-04-10,119.05,119.3,108.21,112.81
2025-04-11,112.8,122.65,112.16,121.41
2025-04-12,121.41,134.11,119.41,132.24
2025-04-13,132.24,133.96,125.32,128.38
2025-04-14,128.38,136.13,127.98,129.42
2025-04-15,129.41,134.45,125.82,126.11
2025-04-16,126.1,133.91,123.49,131.33
2025-04-17,131.33,136.2,129.5,134.83
2025-04-18,134.84,136.02,132.47,134.04
2025-04-19,134.05,140.5,133.58,139.87
2025-04-20,139.86,141.96,135.64,137.86
2025-04-21,137.86,143.25,133.82,136.56
2025-04-22,136.57,150.23,134.68,148.79
2025-04-23,148.78,154.21,147.13,151.1
2025-04-24,151.1,152.9,144.87,152.55
2025-04-25,152.55,157.0,149.87,150.82
2025-04-26,150.82,153.17,147.75,149.21
2025-04-27,149.22,150.41,145.51,147.98
2025-04-28,147.97,153.4,144.63,147.84
2025-04-29,147.84,150.39,145.0,146.31
2025-04-30,146.3,148.67,140.32,147.54
2025-05-01,147.54,153.99,147.54,150.85
2025-05-02,150.85,151.91,147.3,148.05
2025-05-03,148.04,149.05,145.82,146.71
2025-05-04,146.71,147.81,143.5,143.95
2025-05-05,143.94,147.73,142.5,146.72
2025-05-06,146.72,147.23,141.41,146.88
2025-05-07,146.89,149.54,144.68,147.32
2025-05-08,147.32,164.6,147.08,164.46
2025-05-09,164.46,176.15,161.07,172.78
2025-05-10,172.77,178.98,168.72,177.89
2025-05-11,177.89,180.26,169.35,173.19
2025-05-12,173.2,181.46,168.31,174.22
2025-05-13,174.22,184.83,166.18,183.75
2025-05-14,183.75,184.88,173.23,176.64
2025-05-15,176.63,178.33,166.7,169.16
2025-05-16,169.16,174.21,166.36,167.4
2025-05-17,167.4,169.99,164.01,165.94
2025-05-18,165.94,176.77,164.54,173.3
2025-05-19,173.3,173.94,159.44,166.86
2025-05-20,166.87,173.11,164.51,168.59
2025-05-21,168.59,175.99,165.51,173.53
2025-05-22,173.54,180.87,172.59,179.68
2025-05-23,179.68,187.71,173.23,174.01
2025-05-24,174.0,178.33,172.5,175.87
2025-05-25,175.87,176.88,169.14,175.74
2025-05-26,175.75,179.02,173.48,174.91
2025-05-27,174.92,179.41,171.24,176.71
2025-05-28,176.72,177.45,168.92,172.21
2025-05-29,172.22,175.34,165.96,166.71
2025-05-30,166.71,167.51,155.22,156.2
2025-05-31,156.2,158.01,152.14,156.45
2025-06-01,156.45,157.92,150.59,157.68
2025-06-02,157.68,158.93,151.67,156.83
2025-06-03,156.83,163.64,154.14,155.19
2025-06-04,155.19,157.97,152.94,153.26
2025-06-05,153.27,154.61,141.53,144.29
2025-06-06,144.28,152.39,144.11,147.83
2025-06-07,147.82,152.84,146.84,150.06
2025-06-08,150.07,155.3,147.88,152.45
2025-06-09,152.45,161.73,149.58,161.16
2025-06-10,161.16,165.67,156.32,165.12
2025-06-11,165.12,168.36,159.21,160.97
2025-06-12,160.98,161.28,152.02,152.32
2025-06-13,152.32,152.59,140.21,148.6
2025-06-14,148.6,148.7,141.97,144.64
2025-06-15,144.65,153.54,144.22,152.97
2025-06-16,152.97,158.8,150.3,150.72
2025-06-17,150.73,154.33,145.61,147.57
2025-06-18,147.58,149.28,143.65,146.34
2025-06-19,146.35,147.9,142.92,147.04
2025-06-20,147.04,148.81,135.69,140.11
2025-06-21,140.11,142.6,130.9,135.43
2025-06-22,135.43,137.62,126.0,131.71
2025-06-23,131.71,146.92,130.68,144.51
2025-06-24,144.51,146.77,142.31,145.92
2025-06-25,145.93,147.95,142.25,143.57
2025-06-26,143.57,148.0,138.62,139.06
2025-06-27,139.05,144.85,137.14,142.09
2025-06-28,142.09,152.7,141.13,150.72
2025-06-29,150.73,154.77,149.36,153.32
2025-06-30,153.32,159.99,149.45,154.81
2025-07-01,154.82,155.64,144.85,146.88
2025-07-02,146.87,154.47,145.85,152.27
2025-07-03,152.28,156.35,149.86,152.36
2025-07-04,152.35,153.88,145.22,147.7
2025-07-05,147.69,148.7,145.9,147.55
2025-07-06,147.55,153.89,146.78,151.86
2025-07-07,151.86,153.6,147.7,148.88
2025-07-08,148.89,152.88,147.85,151.67
2025-07-09,151.68,157.93,150.53,157.05
2025-07-10,157.06,165.43,155.64,164.34
2025-07-11,164.33,168.2,159.54,162.93
2025-07-12,162.92,163.9,157.74,160.69
2025-07-13,160.7,164.19,159.63,161.15
2025-07-14,161.15,168.65,160.61,162.21
2025-07-15,162.21,164.26,157.23,163.98
2025-07-16,163.98,176.0,161.51,173.63
2025-07-17,173.62,178.19,168.71,175.87
2025-07-18,175.88,184.67,173.24,177.28
2025-07-19,177.28,178.61,174.0,176.96
2025-07-20,176.97,183.66,176.33,181.43
2025-07-21,181.44,199.28,178.25,195.72
2025-07-22,195.72,206.3,193.75,205.7
2025-07-23,205.7,205.75,183.97,189.4
2025-07-24,189.4,191.87,179.21,182.87
2025-07-25,182.88,186.85,175.63,186.76
2025-07-26,186.75,189.78,184.29,184.88
2025-07-27,184.89,190.7,184.53,188.64
2025-07-28,188.64,195.26,182.16,183.11
2025-07-29,183.1,186.68,178.3,181.48
2025-07-30,181.47,182.56,170.29,177.77
2025-07-31,177.77,182.7,171.44,172.22
2025-08-01,172.22,172.26,159.2,162.71
2025-08-02,162.71,165.3,155.83,158.48
2025-08-03,158.49,163.14,156.28,161.97
2025-08-04,161.98,169.8,161.26,169.55
2025-08-05,169.55,171.73,161.3,164.09
2025-08-06,164.09,169.93,161.13,168.09
2025-08-07,168.1,175.51,166.7,175.36
2025-08-08,175.37,179.66,173.43,176.78
2025-08-09,176.79,183.45,176.64,179.95
2025-08-10,179.96,186.18,177.51,182.66
2025-08-11,182.67,186.8,173.43,174.84
2025-08-12,174.83,193.76,173.6,191.78
2025-08-13,191.77,204.96,191.48,201.51
2025-08-14,201.51,209.86,186.68,192.47
2025-08-15,192.46,198.07,183.3,185.72
2025-08-16,185.71,190.06,185.2,189.6
2025-08-17,189.61,195.89,187.35,190.99
2025-08-18,191.0,191.33,180.0,182.94
2025-08-19,182.94,185.87,175.69,176.22
2025-08-20,176.22,187.97,176.04,187.94
2025-08-21,187.95,190.1,179.43,180.29
2025-08-22,180.3,202.4,177.27,200.69
2025-08-23,200.69,208.62,195.26,204.14
2025-08-24,204.15,211.99,201.09,205.98
2025-08-25,205.99,213.6,185.33,187.2
2025-08-26,187.19,198.1,185.58,195.86
2025-08-27,195.85,212.08,193.78,202.95
2025-08-28,202.95,216.89,201.72,214.43
2025-08-29,214.43,218.0,199.85,205.08
2025-08-30,205.09,207.06,197.52,202.7
2025-08-31,202.7,206.66,200.28,200.62
2025-09-01,200.62,204.58,194.19,197.32
2025-09-02,197.32,209.68,196.77,209.65
2025-09-03,209.64,213.02,207.42,210.77
2025-09-04,210.77,211.94,201.84,202.32
2025-09-05,202.32,210.0,200.95,203.36
2025-09-06,203.37,204.68,199.32,200.16
2025-09-07,200.17,207.95,200.12,206.35
2025-09-08,206.35,217.11,205.59,214.11
2025-09-09,214.11,219.79,210.79,217.21
2025-09-10,217.22,226.0,215.09,224.07
2025-09-11,224.06,228.95,221.72,228.73
2025-09-12,228.73,244.04,228.11,242.18
2025-09-13,242.18,244.14,235.73,242.38
2025-09-14,242.38,249.6,239.23,239.76
2025-09-15,239.75,244.0,230.15,234.31
2025-09-16,234.32,240.95,231.26,236.96
2025-09-17,236.96,246.62,232.23,244.84
2025-09-18,244.84,253.51,242.58,247.5
2025-09-19,247.5,248.57,235.12,238.53
2025-09-20,238.53,241.22,236.91,239.48
2025-09-21,239.48,241.82,235.32,236.16
2025-09-22,236.16,236.96,214.5,220.38
2025-09-23,220.39,221.71,212.34,213.3
2025-09-24,213.29,216.45,204.81,211.6
2025-09-25,211.61,212.44,191.32,192.74
2025-09-26,192.73,205.52,190.8,205.17
2025-09-27,205.16,205.43,199.88,203.46
2025-09-28,203.47,211.0,198.0,210.83
2025-09-29,210.83,214.74,204.58,212.75
2025-09-30,212.74,213.67,204.29,208.68
2025-10-01,208.68,222.77,206.31,222.04
2025-10-02,222.04,234.99,219.52,234.74
2025-10-03,234.74,237.0,227.13,232.84
2025-10-04,232.84,234.05,224.07,227.86
2025-10-05,227.86,237.22,226.45,228.56
2025-10-06,228.56,237.79,227.55,232.35
2025-10-07,232.35,235.21,219.7,219.97
2025-10-08,219.98,229.72,217.3,229.02
2025-10-09,229.03,229.69,216.53,220.93
2025-10-10,220.93,224.46,168.79,188.43
2025-10-11,188.43,191.05,172.58,177.62
2025-10-12,177.63,199.0,173.0,197.0
2025-10-13,196.99,209.28,190.02,208.69
2025-10-14,208.69,211.25,191.03,202.44
2025-10-15,202.45,208.91,192.04,193.84
2025-10-16,193.84,198.42,182.03,184.85
2025-10-17,184.84,187.55,174.06,181.96
2025-10-18,181.97,188.26,181.75,187.56
2025-10-19,187.55,192.29,183.19,187.86
2025-10-20,187.86,194.5,183.82,189.71
2025-10-21,189.71,197.71,182.72,185.63
2025-10-22,185.62,187.45,177.04,180.12
2025-10-23,180.13,193.45,179.68,191.35
2025-10-24,191.36,197.0,188.83,193.59
2025-10-25,193.58,195.25,191.19,193.84
2025-10-26,193.84,202.43,191.9,200.03
2025-10-27,200.03,205.33,197.34,198.7
2025-10-28,198.71,203.99,190.22,194.15
2025-10-29,194.16,201.7,189.37,193.88
2025-10-30,193.89,198.19,178.65,184.69
2025-10-31,184.69,190.26,183.7,187.21
2025-11-01,187.21,187.55,183.79,186.35
2025-11-02,186.35,188.34,182.0,187.71
2025-11-03,187.71,189.13,163.15,166.06
2025-11-04,166.06,168.42,145.85,155.03
2025-11-05,155.04,163.97,147.29,162.37
2025-11-06,162.37,162.91,153.45,155.28
2025-11-07,155.27,164.48,149.82,161.79
2025-11-08,161.8,164.89,155.8,158.02
2025-11-09,158.01,166.57,155.11,164.53
2025-11-10,164.53,170.48,163.42,167.31
2025-11-11,167.31,171.94,153.93,154.63
2025-11-12,154.63,161.14,151.2,153.42
2025-11-13,153.43,157.2,141.04,144.73
2025-11-14,144.74,145.68,135.76,138.92
2025-11-15,138.93,144.69,138.61,139.61
2025-11-16,139.6,143.38,134.42,137.17
2025-11-17,137.17,143.28,128.82,130.99
2025-11-18,131.0,142.17,129.0,140.69
2025-11-19,140.68,142.84,130.53,137.06
2025-11-20,137.06,144.8,131.11,133.67
2025-11-21,133.67,135.06,121.66,128.68
2025-11-22,128.69,129.94,125.08,127.59
2025-11-23,127.6,133.54,127.56,130.58
2025-11-24,130.58,139.87,128.44,138.44
2025-11-25,138.43,140.5,133.13,138.96
2025-11-26,138.96,144.75,135.5,143.02
2025-11-27,143.01,144.29,140.47,140.85
2025-11-28,140.85,143.6,136.01,137.33
2025-11-29,137.33,138.1,134.76,135.91
2025-11-30,135.92,140.19,133.26,133.48
2025-12-01,133.48,133.74,123.11,126.66
2025-12-02,126.66,140.88,126.01,138.68
2025-12-03,138.67,146.08,137.76,144.67
2025-12-04,144.67,146.91,137.8,139.01
2025-12-05,139.01,140.75,130.73,133.29
2025-12-06,133.29,134.13,131.28,132.19
2025-12-07,132.2,136.35,127.7,132.24
2025-12-08,132.25,139.36,131.52,133.25
2025-12-09,133.24,144.93,131.62,137.88
2025-12-10,137.87,142.57,135.39,136.26
2025-12-11,136.26,137.79,129.0,136.41
2025-12-12,136.41,140.12,130.35,132.27
2025-12-13,132.28,134.28,131.6,133.14
2025-12-14,133.13,133.66,127.98,129.4
2025-12-15,129.39,135.43,123.63,127.81
2025-12-16,127.81,130.14,124.87,129.15
2025-12-17,129.15,133.99,121.36,123.27
2025-12-18,123.28,129.05,116.88,119.6
2025-12-19,119.6,127.87,117.61,126.27
2025-12-20,126.27,126.89,125.3,125.81
2025-12-21,125.8,126.62,123.4,126.03
2025-12-22,126.03,128.78,124.2,125.93
2025-12-23,125.93,126.93,122.16,124.01
2025-12-24,124.02,124.3,120.63,122.53
2025-12-25,122.52,124.46,119.71,120.06
2025-12-26,120.05,125.14,119.24,122.26
2025-12-27,122.27,125.08,121.86,124.73
2025-12-28,124.74,125.64,123.08,125.27
2025-12-29,125.27,130.16,122.36,123.28
2025-12-30,123.28,126.52,122.58,125.01
2025-12-31,125.02,132.75,122.99,124.65
2026-01-01,124.64,127.25,124.15,126.9
2026-01-02,126.91,133.25,125.84,132.29
2026-01-03,132.28,133.99,129.6,133.37
2026-01-04,133.37,135.54,133.12,134.12
2026-01-05,134.12,139.87,133.18,137.9
2026-01-06,137.91,143.48,136.19,141.08
2026-01-07,141.08,141.4,134.41,136.39
2026-01-08,136.39,140.07,132.67,138.37
2026-01-09,138.37,141.17,134.98,135.97
2026-01-10,135.96,137.05,135.37,135.84
2026-01-11,135.85,141.6,135.75,139.7
2026-01-12,139.69,144.4,138.34,139.22
2026-01-13,139.21,148.74,137.82,145.51
2026-01-14,145.52,148.44,143.37,146.69
2026-01-15,146.7,146.73,140.9,142.4
2026-01-16,142.41,145.55,140.26,144.89
2026-01-17,144.9,144.99,143.32,143.72
2026-01-18,143.73,144.0,137.74,137.87
2026-01-19,137.87,137.87,130.0,133.44
2026-01-20,133.44,134.63,124.68,125.8
2026-01-21,125.81,132.17,125.26,129.54
2026-01-22,129.53,130.94,126.73,128.47
2026-01-23,128.47,130.2,125.28,127.43
2026-01-24,127.43,128.12,126.64,127.21
2026-01-25,127.22,127.46,117.15,118.85
2026-01-26,118.85,125.6,118.53,124.24
2026-01-27,124.24,127.84,123.12,127.19
2026-01-28,127.18,128.34,124.78,125.35
2026-01-29,125.34,125.51,115.39,117.82
2026-01-30,117.82,119.12,112.14,117.59
2026-01-31,117.6,118.85,96.4,105.58
2026-02-01,105.58,106.69,98.02,100.79
2026-02-02,100.78,106.12,95.95,104.55
2026-02-03,104.54,105.1,96.64,97.89
2026-02-04,97.89,99.67,89.3,92.12
2026-02-05,92.11,93.43,77.6,78.35
2026-02-06,78.34,89.84,67.5,87.46
2026-02-07,87.45,89.2,84.16,87.59
2026-02-08,87.59,89.08,85.77,86.99
2026-02-09,86.99,88.69,82.86,86.77
2026-02-10,86.77,87.49,81.91,82.99
2026-02-11,82.99,84.39,78.04,79.3
2026-02-12,79.31,82.25,76.6,78.4
2026-02-13,78.39,85.63,77.53,84.33
2026-02-14,84.34,88.9,84.21,88.06
2026-02-15,88.06,91.26,84.89,86.16
2026-02-16,86.15,86.93,82.55,86.45
2026-02-17,86.45,87.69,82.92,85.08
2026-02-18,85.09,86.09,80.48,81.61
2026-02-19,81.61,82.67,79.61,82.5
2026-02-20,82.5,85.49,81.77,84.67
2026-02-21,84.68,86.72,83.97,85.17
2026-02-22,85.17,85.6,82.48,82.79
2026-02-23,82.8,82.85,77.15,77.9
2026-02-24,77.91,79.62,75.63,78.99
2026-02-25,78.99,91.91,78.73,88.06
2026-02-26,88.05,89.27,84.34,85.91
2026-02-27,85.91,88.29,80.32,81.85
2026-02-28,81.84,85.65,77.12,84.35
2026-03-01,84.35,88.9,81.69,83.6
2026-03-02,83.61,90.29,82.37,86.64
2026-03-03,86.65,87.46,82.5,86.97
2026-03-04,86.98,94.05,84.78,90.85
2026-03-05,90.86,92.96,87.91,88.77
2026-03-06,88.78,89.31,83.64,84.7
2026-03-07,84.69,85.07,82.28,83.22
2026-03-08,83.22,84.13,80.26,81.59
2026-03-09,81.6,87.06,81.54,84.96
2026-03-10,84.95,88.8,84.83,85.88
2026-03-11,85.88,88.09,84.36,86.58
2026-03-12,86.58,87.69,84.72,86.84
2026-03-13,86.83,92.98,86.71,88.18
2026-03-14,88.17,88.71,86.51,88.03
2026-03-15,88.04,93.23,87.36,92.3
2026-03-16,92.31,97.68,91.18,96.2
2026-03-17,96.19,96.95,93.15,94.62
2026-03-18,94.61,95.65,88.55,90.08
2026-03-19,90.07,91.41,87.0,88.89
2026-03-20,88.9,90.45,88.13,89.84
2026-03-21,89.85,90.81,87.14,87.56
2026-03-22,87.55,89.2,85.14,86.2
2026-03-23,86.21,92.26,85.11,91.43
2026-03-24,91.44,92.22,88.42,90.8
2026-03-25,90.8,93.47,90.71,91.7
2026-03-26,91.7,91.98,85.45,86.53
2026-03-27,86.52,87.04,81.86,83.11
2026-03-28,83.11,84.29,81.69,82.09
2026-03-29,82.09,83.24,78.96,81.44
2026-03-30,81.45,84.99,81.15,82.54
2026-03-31,82.55,84.62,80.08,83.2
2026-04-01,83.19,86.65,80.77,81.18
2026-04-02,81.19,81.77,76.7,78.94
2026-04-03,78.95,80.91,78.85,80.4
2026-04-04,80.39,81.61,79.57,80.83
2026-04-05,80.84,82.13,78.52,81.89
2026-04-06,81.89,83.2,79.6,80.03
2026-04-07,80.03,87.02,78.38,85.56
2026-04-08,85.56,85.9,82.24,82.57
2026-04-09,82.56,85.95,81.4,83.33
2026-04-10,83.33,85.67,82.62,84.83
2026-04-11,84.83,86.26,83.8,84.93
2026-04-12,84.94,85.0,81.27,81.53
2026-04-13,81.54,86.81,81.4,86.51
2026-04-14,86.51,87.67,83.3,83.72
2026-04-15,83.72,85.83,82.65,84.9
2026-04-16,84.9,90.53,83.8,89.05
2026-04-17,89.06,90.73,87.34,88.76
2026-04-18,88.77,89.16,85.78,86.16
2026-04-19,86.15,87.12,82.94,83.47
2026-04-20,83.47,86.22,83.34,85.28
2026-04-21,85.29,86.89,84.31,86.03
2026-04-22,86.04,89.32,86.01,86.87
2026-04-23,86.86,87.18,84.48,86.12
2026-04-24,86.12,86.94,84.92,86.18
2026-04-25,86.18,86.8,85.53,86.18
2026-04-26,86.19,87.32,85.84,86.93
2026-04-27,86.93,88.08,83.63,84.82
2026-04-28,84.82,84.93,82.98,84.06
2026-04-29,84.06,85.56,81.4,83.04
2026-04-30,83.05,84.01,82.16,83.09
2026-05-01,83.09,84.86,83.08,83.76
2026-05-02,83.76,84.97,83.44,84.26
2026-05-03,84.26,84.97,83.58,83.91
2026-05-04,83.91,85.9,83.23,84.1
2026-05-05,84.11,86.98,84.04,86.29
2026-05-06,86.29,90.03,86.1,89.16
2026-05-07,89.16,90.44,87.63,88.42
2026-05-08,88.43,92.8,87.6,92.01
2026-05-09,92.02,94.17,91.85,93.13
2026-05-10,93.12,97.0,92.6,96.47
2026-05-11,96.46,98.41,94.3,97.37
2026-05-12,97.37,97.68,93.55,94.28
2026-05-13,94.28,95.99,90.27,91.17
2026-05-14,91.17,93.68,89.82,92.15
2026-05-15,92.16,92.66,88.55,89.24
2026-05-16,89.23,89.44,85.52,86.54
2026-05-17,86.53,87.29,83.5,85.24
2026-05-18,85.23,85.8,83.5,85.38
2026-05-19,85.38,85.97,83.7,84.29
2026-05-20,84.3,87.09,83.85,86.17
2026-05-21,86.17,88.0,85.32,87.36
2026-05-22,87.35,87.85,84.0,84.4
2026-05-23,84.4,87.5,81.5,85.75
2026-05-24,85.76,87.0,83.7,85.27
2026-05-25,85.27,86.52,84.71,85.06
2026-05-26,85.06,86.13,83.15,83.72
2026-05-27,83.73,84.84,82.1,82.44
2026-05-28,82.43,83.01,80.0,82.11
2026-05-29,82.12,83.24,80.35,82.04
2026-05-30,82.04,83.17,81.86,82.73
2026-05-31,82.74,83.42,81.33,82.44
2026-06-01,82.45,83.1,79.11,81.28
2026-06-02,81.28,81.3,72.73,74.23
2026-06-03,74.23,75.71,70.93,71.61
2026-06-04,71.61,72.09,66.8,68.88
2026-06-05,68.87,69.1,61.48,63.64
2026-06-06,63.64,64.86,60.13,62.2
2026-06-07,62.21,67.92,61.96,66.5
2026-06-08,66.5,68.17,64.98,66.82
2026-06-09,66.82,67.47,63.54,64.96
2026-06-10,64.97,65.77,62.34,63.19
2026-06-11,63.19,67.42,63.19,66.93
2026-06-12,66.93,68.82,65.95,66.82
2026-06-13,66.83,69.59,66.59,68.94
2026-06-14,68.94,71.29,66.94,71.28
2026-06-15,71.29,76.09,70.66,73.98
2026-06-16,73.99,75.65,72.29,73.52
2026-06-17,73.53,74.69,70.83,72.05
2026-06-18,72.05,72.68,68.23,69.71
2026-06-19,69.72,70.09,67.92,69.74
2026-06-20,69.73,74.3,69.48,73.22
2026-06-21,73.22,74.68,72.31,72.46
2026-06-22,72.47,75.0,71.37,71.95
2026-06-23,71.95,72.06,68.16,69.71
2026-06-24,69.7,70.44,64.71,68.11
2026-06-25,68.12,69.66,64.04,67.72
2026-06-26,67.72,73.93,65.91,71.9
2026-06-27,71.9,73.19,70.25,70.5
2026-06-28,70.49,72.41,69.74,71.38
2026-06-29,71.39,76.49,70.35,75.16
2026-06-30,75.17,75.8,71.9,73.67
2026-07-01,73.67,78.96,72.25,77.46
2026-07-02,77.46,82.78,76.9,80.73
2026-07-03,80.72,83.22,80.34,82.34
2026-07-04,82.35,83.98,81.36,81.8
2026-07-05,81.8,82.43,79.68,81.59
2026-07-06,81.59,83.74,79.23,81.94
2026-07-07,81.94,82.79,80.34,80.58
2026-07-08,80.58,80.78,76.29,77.83
2026-07-09,77.83,78.83,76.71,78.04
2026-07-10,78.05,79.68,77.07,78.13
2026-07-11,78.14,78.88,76.77,76.79
2026-07-12,76.79,77.78,75.65,76.92
2026-07-13,76.92,78.2,74.1,75.01
2026-07-14,75.02,77.95,74.56,77.87
2026-07-15,77.87,79.04,76.94,77.29
2026-07-16,77.28,77.64,75.01,75.32
2026-07-17,75.33,75.75,73.39,75.04
2026-07-18,75.04,75.67,74.5,75.52
2026-07-19,75.53,76.7,75.37,76.38
2026-07-20,76.38,78.38,75.5,77.85
2026-07-21,77.85,78.88,77.42,78.12
2026-07-22,78.13,78.85,77.0,77.97
2026-07-23,77.97,78.54,75.43,75.88
2026-07-24,75.88,76.45,73.44,73.96
2026-07-25,73.97,74.73,73.56,74.52
