strategy,fingerprint,commit,asset,timeframe,train_end,run_date,trade_no,window,direction,entry_time,entry_price_raw,entry_price_fill,exit_time,exit_price_raw,exit_price_fill,exit_reason,bars_held,atr_at_entry,stop_loss,take_profit,size_units,position_value,equity_at_entry,gross_pnl,fees_paid,slippage_paid,costs_paid,net_pnl,return_pct,gross_return_pct,equity_after,regime_at_entry,regime_adx,regime_entropy
ma-cross-20-50,3ae81a2303c0,0d633c5,BTC-USD,4h,2025-10-01 00:00:00,2026-07-26,1,train,short,2024-01-14 00:00:00,42847.99,42826.566005,2024-01-18 16:00:00,40890.01743357143,40910.46244228822,target,29,968.2742857142855,44278.97743357143,40890.01743357143,0.058374981540853056,2500.0,10000.0,114.29661242276418,4.888147489896337,2.444102319101148,7.332249808997485,106.9643626137667,0.010696436261376669,0.011429661242276418,10106.964362613766,Ranging,23.491827627736438,1.9305926869737982
ma-cross-20-50,3ae81a2303c0,0d633c5,BTC-USD,4h,2025-10-01 00:00:00,2026-07-26,2,train,long,2024-01-28 00:00:00,42120.63,42141.69031499999,2024-01-29 16:00:00,43073.59745785714,43052.06065912821,target,11,465.9535714285724,41442.75995785713,43073.59745785714,0.05995822834268393,2526.7410906534415,10106.964362613766,57.13824044134561,5.10806637427653,2.5540474716980697,7.662113845974599,49.47612659537101,0.004895250920086945,0.005653353310782731,10156.440489209137,Chaotic,29.95753091848353,1.972382990111991
ma-cross-20-50,3ae81a2303c0,0d633c5,BTC-USD,4h,2025-10-01 00:00:00,2026-07-26,3,train,short,2024-02-06 08:00:00,42889.99,42868.545005,2024-02-07 16:00:00,43519.71321928572,43541.47307589536,stop,9,434.1121428571444,43519.71321928572,42000.32071928571,0.05923014466682117,2539.1101223022843,10156.440489209137,-37.2985973783495,5.118077871594065,2.5590296111475226,7.6771074827415875,-44.97570486109109,-0.004428294037549494,-0.003672408401149788,10111.464784348045,Ranging,13.943800777386375,1.946380286614546
ma-cross-20-50,3ae81a2303c0,0d633c5,BTC-USD,4h,2025-10-01 00:00:00,2026-07-26,4,train,long,2024-02-08 00:00:00,44349.6,44371.7748,2024-02-08 12:00:00,45252.90622857143,45230.27977545715,target,4,440.5657142857152,43710.92622857143,45252.90622857143,0.05697013940688735,2527.8661960870113,10111.464784348045,51.4614817688242,5.104641540307322,2.5523336355238513,7.656975175831174,43.80450659299303,0.004332162305584038,0.005089419076896115,10155.269290941038,Ranging,13.38554808094162,1.891468062946132
ma-cross-20-50,3ae81a2303c0,0d633c5,BTC-USD,4h,2025-10-01 00:00:00,2026-07-26,5,train,short,2024-02-22 16:00:00,51602.41,51576.60879500001,2024-02-26 12:00:00,52835.16236642858,52861.57994761179,stop,24,839.0357142857154,52835.16236642858,49898.53736642858,0.04922420031193249,2538.8173227352595,10155.269290941038,-60.681249420089046,5.140886322881736,2.5704279911281134,7.711314314009849,-68.3925637340989,-0.006734687360295623,-0.005975346165780112,10086.87672720694,Chaotic,15.29067702251966,1.9607025538742815
ma-cross-20-50,3ae81a2303c0,0d633c5,BTC-USD,4h,2025-10-01 00:00:00,2026-07-26,6,train,long,2024-02-27 00:00:00,54476.48,54503.71824,2024-02-27 00:00:00,55707.85824,55680.00431088,target,1,602.0700000000003,53600.61324,55707.85824,0.046266920188778204,2521.719181801735,10086.87672720694,56.97207875227809,5.097861497364047,2.5489449917016316,7.646806489065678,49.32527226321241,0.004890044123387498,0.0056481386947665885,10136.201999470153,Ranging,19.766415048622047,1.9041385810150144
ma-cross-20-50,3ae81a2303c0,0d633c5,BTC-USD,4h,2025-10-01 00:00:00,2026-07-26,7,train,short,2024-03-16 20:00:00,66911.51,66878.05424499999,2024-03-19 20:00:00,62353.30567357141,62384.48232640819,target,19,2262.3742857142893,70271.61567357143,62353.30567357141,0.029868921523359925,1997.575353878913,10136.201999470153,136.148647313535,3.8609325607618334,1.9305003175426805,5.791432878304514,130.3572144352305,0.0128605580711636,0.013431919304750623,10266.559213905384,Chaotic,26.941749432000794,1.9746016132511133
ma-cross-20-50,3ae81a2303c0,0d633c5,BTC-USD,4h,2025-10-01 00:00:00,2026-07-26,8,train,long,2024-03-26 00:00:00,69880.0,69914.94,2024-04-02 00:00:00,67974.9675,67940.98001625,stop,43,1293.3150000000019,67974.9675,72501.57,0.03671089188485817,2566.639803476346,10266.559213905384,-69.93544214464112,5.060813775404209,2.5303894038414825,7.591203179245691,-77.52664532388681,-0.007551375656498628,-0.0068119650106257725,10189.032568581497,Ranging,22.04636950286117,1.9150340200142297
ma-cross-20-50,3ae81a2303c0,0d633c5,BTC-USD,4h,2025-10-01 00:00:00,2026-07-26,9,train,short,2024-04-02 08:00:00,66455.5,66422.27225000001,2024-04-04 16:00:00,68103.58689285716,68137.63868630359,stop,15,1120.876428571429,68103.58689285716,64180.51939285715,0.03834945803356454,2547.258142145374,10189.032568581497,-63.203239133293366,5.160299657451958,2.5801340279158893,7.740433685367847,-70.94367281866121,-0.006962748655590753,-0.006203065767812384,10118.088895762836,Chaotic,31.666735626017275,1.9766066684041523
ma-cross-20-50,3ae81a2303c0,0d633c5,BTC-USD,4h,2025-10-01 00:00:00,2026-07-26,10,train,long,2024-04-07 16:00:00,69543.73,69578.501865,2024-04-08 08:00:00,71380.381865,71344.69167406751,target,5,900.9399999999993,68227.091865,71380.381865,0.03635493947323881,2529.522223940709,10118.088895762836,66.77136738548644,5.123254171488318,2.5616437785859176,7.684897950074236,59.086469435412205,0.005839686727812395,0.006599207426755103,10177.175365198247,Chaotic,26.351008676055812,1.994012004737964
ma-cross-20-50,3ae81a2303c0,0d633c5,BTC-USD,4h,2025-10-01 00:00:00,2026-07-26,11,train,short,2024-04-13 16:00:00,67675.99,67642.15200500001,2024-04-13 16:00:00,65105.376290714295,65137.92897885965,target,1,1268.3878571428565,69544.7337907143,65105.376290714295,0.037614028618005696,2544.293841299562,10177.175365198247,96.69113762691046,4.994393766028012,2.4972210557981214,7.491614821826134,89.19952280508433,0.008764664025551726,0.009500783287822117,10266.37488800333,Chaotic,27.053559276229564,1.9917443487849527
ma-cross-20-50,3ae81a2303c0,0d633c5,BTC-USD,4h,2025-10-01 00:00:00,2026-07-26,12,train,long,2024-04-21 12:00:00,65234.02,65266.63700999999,2024-04-25 08:00:00,63490.21272428571,63458.46761792357,stop,24,1184.282857142857,63490.21272428571,67635.2027242857,0.03932474292505045,2566.5937220008327,10266.37488800333,-68.57477282829691,5.062081647493316,2.531023680053167,7.593105327546483,-76.1678781558434,-0.00741916002354917,-0.006679550822601391,10190.207009847487,Trending,26.378536614369363,1.9239223991729415
ma-cross-20-50,3ae81a2303c0,0d633c5,BTC-USD,4h,2025-10-01 00:00:00,2026-07-26,13,train,short,2024-04-27 00:00:00,63770.0,63738.115000000005,2024-04-29 04:00:00,61934.78071428572,61965.74810464286,target,14,901.6671428571426,65090.61571428572,61934.78071428572,0.039969047601452784,2547.5517524618717,10190.207009847487,73.35196698981824,5.024263688115974,2.5121501820493535,7.536413870165328,65.8155531196529,0.006458706192725121,0.007198280360637744,10256.02256296714,Chaotic,22.61825827082579,1.9627549135284423
ma-cross-20-50,3ae81a2303c0,0d633c5,BTC-USD,4h,2025-10-01 00:00:00,2026-07-26,14,train,long,2024-05-05 16:00:00,64428.64,64460.85432,2024-05-06 16:00:00,62848.07253428571,62816.64849801857,stop,7,1075.1878571428574,62848.07253428571,66611.23003428572,0.039776165981502694,2564.005640741785,10256.02256296714,-62.868913861214594,5.0626110778006845,2.5312898216717628,7.593900899472447,-70.46281476068704,-0.006870384140448073,-0.006129950814287812,10185.559748206453,Chaotic,31.795667251126805,1.9807270112288111
ma-cross-20-50,3ae81a2303c0,0d633c5,BTC-USD,4h,2025-10-01 00:00:00,2026-07-26,15,train,short,2024-05-10 16:00:00,60928.02,60897.55599,2024-05-13 04:00:00,62365.65206142857,62396.83488745928,stop,16,978.7307142857135,62365.65206142857,58940.094561428574,0.041814320717070426,2546.3899370516133,10185.559748206453,-60.11360808971742,5.155471202765924,2.5777205729805246,7.733191775746449,-67.84679986546386,-0.006661077205640153,-0.005901846297676734,10117.71294834099,Chaotic,18.87187784882301,1.9690666248145168
ma-cross-20-50,3ae81a2303c0,0d633c5,BTC-USD,4h,2025-10-01 00:00:00,2026-07-26,16,train,long,2024-05-15 12:00:00,62467.18,62498.41359,2024-05-15 12:00:00,64180.69501857143,64148.604671062145,target,1,841.1407142857154,61236.70251857142,64180.69501857143,0.04047187907326285,2529.4282370852475,10117.71294834099,69.34917262184267,5.12564280805102,2.562838741318501,7.688481549369521,61.66069107247315,0.006094330940925113,0.006854234052292807,10179.373639413463,Chaotic,14.597098800603153,1.983492150181673
ma-cross-20-50,3ae81a2303c0,0d633c5,BTC-USD,4h,2025-10-01 00:00:00,2026-07-26,17,train,short,2024-05-26 16:00:00,68847.98,68813.55601,2024-05-27 12:00:00,69824.52708142858,69859.43934496929,stop,6,673.9807142857161,69824.52708142858,67465.59458142857,0.03698171635663689,2544.8434098533658,10179.373639413463,-36.114387174293334,5.128365380542699,2.564173661674282,7.692539042216981,-43.80692621651031,-0.004303499190450629,-0.003547800528164349,10135.566713196953,Ranging,15.830120287350331,1.9571933166322228
ma-cross-20-50,3ae81a2303c0,0d633c5,BTC-USD,4h,2025-10-01 00:00:00,2026-07-26,18,train,long,2024-05-27 16:00:00,70373.86,70409.04693,2024-05-27 16:00:00,69373.55192999999,69338.865154035,stop,1,690.3300000000017,69373.55192999999,71789.70693,0.03598815477247418,2533.8916782992383,10135.566713196953,-35.99924164331543,5.029269489210367,2.5146257447942943,7.543895234004661,-43.54313687732009,-0.004296073234920847,-0.0035517739325264205,10092.023576319632,Chaotic,13.733548590785132,1.9602004685742709
ma-cross-20-50,3ae81a2303c0,0d633c5,BTC-USD,4h,2025-10-01 00:00:00,2026-07-26,19,train,short,2024-05-28 08:00:00,67694.01,67660.16299499999,2024-05-30 16:00:00,68993.37799499999,69027.87468399748,stop,15,888.8099999999997,68993.37799499999,65882.542995,0.03728938539900289,2523.005894079908,10092.023576319632,-48.45263394068441,5.097012916445565,2.5484943450640216,7.645507261509587,-56.09814120219399,-0.005558661330699339,-0.004801082119385432,10035.925435117439,Chaotic,14.238523817413562,1.9711659465711082
ma-cross-20-50,3ae81a2303c0,0d633c5,BTC-USD,4h,2025-10-01 00:00:00,2026-07-26,20,train,long,2024-06-04 08:00:00,69012.92188,69047.42834094,2024-06-04 16:00:00,70495.43726629714,70460.189547664,target,3,724.0044626785717,67961.42164692214,70495.43726629714,0.03633707176450655,2508.9813587793597,10035.925435117439,53.87026798386466,5.069298322913561,2.53466262902338,7.603960951936941,46.26630703192772,0.004610068830327685,0.005367742948284896,10082.191742149367,Chaotic,21.72344200806918,1.9802657005275202
ma-cross-20-50,3ae81a2303c0,0d633c5,BTC-USD,4h,2025-10-01 00:00:00,2026-07-26,21,train,short,2024-06-10 12:00:00,69473.89062,69439.15367469001,2024-06-10 12:00:00,69840.6740435293,69875.59438055106,stop,1,267.6802458928588,69840.6740435293,68903.7931829043,0.03629865576049007,2520.547935537342,10082.191742149367,-13.313745229344008,5.056938082016599,2.5284657125716308,7.585403794588229,-20.89914902393224,-0.0020728775605964485,-0.001320520931345204,10061.292593125436,Ranging,23.409028446091035,1.8829581444119774
ma-cross-20-50,3ae81a2303c0,0d633c5,BTC-USD,4h,2025-10-01 00:00:00,2026-07-26,22,train,long,2024-07-01 20:00:00,63177.23047,63208.819085235,2024-07-02 12:00:00,62367.04411391357,62335.86059185662,stop,5,561.1833142142854,62367.04411391357,64331.18571366357,0.03979386396840493,2515.323148281359,10061.292593125436,-32.24044564316105,4.995907905027155,2.497945892402093,7.4938537974292485,-39.7342994405903,-0.003949224125311642,-0.003204403941615805,10021.558293684846,Chaotic,24.21766933441175,1.9681859572485454
ma-cross-20-50,3ae81a2303c0,0d633c5,BTC-USD,4h,2025-10-01 00:00:00,2026-07-26,23,train,short,2024-07-04 16:00:00,58058.82812,58029.798705940004,2024-07-05 00:00:00,55964.91589265429,55992.89835060061,target,3,1032.441406642857,59578.46081590429,55964.91589265429,0.043174190317581726,2505.3895734212115,10021.558293684846,90.40296501173516,4.92283762324305,2.4614414123623902,7.384279035605441,83.01868597612972,0.00828400968624256,0.009020849089777107,10104.576979660975,Chaotic,34.92622402153099,1.971166198911808
ma-cross-20-50,3ae81a2303c0,0d633c5,BTC-USD,4h,2025-10-01 00:00:00,2026-07-26,24,train,long,2024-07-11 16:00:00,57451.98047,57480.706460235,2024-07-13 20:00:00,59364.19920480643,59334.517105204024,target,14,941.7463722857137,56068.086901806426,59364.19920480643,0.04394768958977259,2526.1442449152437,10104.576979660975,84.03759538502045,5.133759184613802,2.566900601705669,7.700659786319471,76.33693559870098,0.007554688905073016,0.008316785111754382,10180.913915259676,Ranging,14.014021253416049,1.9076296617738244
ma-cross-20-50,3ae81a2303c0,0d633c5,BTC-USD,4h,2025-10-01 00:00:00,2026-07-26,25,train,short,2024-07-26 00:00:00,65830.11719,65797.202131405,2024-07-26 00:00:00,67189.16948711929,67222.76407186284,stop,1,927.9782371428586,67189.16948711929,63941.24565711929,0.03868292870161544,2545.228478814919,10180.913915259676,-52.572123111231946,5.145601868532305,2.572787791234923,7.718389659767228,-60.29051277099917,-0.005921915583691623,-0.005163792126012788,10120.623402488676,Chaotic,21.538490820209162,1.9877126068417783
ma-cross-20-50,3ae81a2303c0,0d633c5,BTC-USD,4h,2025-10-01 00:00:00,2026-07-26,26,train,long,2024-07-28 08:00:00,67520.79688,67554.55727843998,2024-07-29 00:00:00,69402.35080658284,69367.64963117955,target,5,923.8967640714285,66168.71213233285,69402.35080658284,0.03745351834952618,2530.155850622169,10120.623402488676,70.47081451489346,5.128218388947055,2.564126812176596,7.6923452011236515,62.77846931376981,0.006203023945968831,0.006963090287260821,10183.401871802445,Chaotic,26.085626285943746,1.9908169833482607
ma-cross-20-50,3ae81a2303c0,0d633c5,BTC-USD,4h,2025-10-01 00:00:00,2026-07-26,27,train,short,2024-08-01 08:00:00,64334.0,64301.833000000006,2024-08-01 16:00:00,62476.63489750001,62507.873214948755,target,3,912.5990512499993,65670.731576875,62476.63489750001,0.03959219122028156,2545.8504679506113,10183.401871802445,73.53715430405758,5.020674137049979,2.5103554528132435,7.5310295898632225,66.00612471419436,0.006481736215965656,0.007221275879102827,10249.40799651664,Chaotic,33.12698257023299,1.9801892468646785
ma-cross-20-50,3ae81a2303c0,0d633c5,BTC-USD,4h,2025-10-01 00:00:00,2026-07-26,28,train,long,2024-08-10 12:00:00,60931.23047,60961.696085235,2024-08-11 20:00:00,59270.102054235,59240.46700320789,stop,9,1127.7293540000007,59270.102054235,63217.154793235,0.04203216386149343,2562.35199912916,10249.40799651664,-69.8208217664175,5.052357015439389,2.5261610525141407,7.57851806795353,-77.39933983437102,-0.007551591258800111,-0.00681218093670842,10172.008656682268,Trending,27.468705378224104,1.6914704257387885
ma-cross-20-50,3ae81a2303c0,0d633c5,BTC-USD,4h,2025-10-01 00:00:00,2026-07-26,29,train,short,2024-08-15 20:00:00,57042.10156,57013.58050922,2024-08-16 16:00:00,58806.60283129143,58836.00613270707,stop,6,1195.3482147142859,58806.60283129143,54622.88407979143,0.044603446081751055,2543.002164170567,10172.008656682268,-78.70283731522827,5.167290791376341,2.583625719978812,7.750916511355153,-86.45375382658342,-0.008499182093183691,-0.007737197241129581,10085.554902855685,Ranging,15.820720519448312,1.8592032835112098
ma-cross-20-50,3ae81a2303c0,0d633c5,BTC-USD,4h,2025-10-01 00:00:00,2026-07-26,30,train,long,2024-08-20 00:00:00,59463.28125,59493.012890624996,2024-08-20 00:00:00,60777.856083624996,60747.46715558319,target,1,642.4215965000003,58529.380495875,60777.856083624996,0.04238125795291914,2521.3887257139213,10085.554902855685,55.713335122276725,5.095942801221176,2.5479853289439873,7.643928130165163,48.06940699211156,0.0047661638308568325,0.00552407236477407,10133.624309847797,Ranging,10.788505601944824,1.959101588246169
ma-cross-20-50,3ae81a2303c0,0d633c5,BTC-USD,4h,2025-10-01 00:00:00,2026-07-26,31,train,short,2024-08-29 00:00:00,59012.21094,58982.70483453,2024-08-29 12:00:00,60733.54802413714,60763.914798149206,stop,4,1167.2287930714276,60733.54802413714,56648.247248387146,0.04295167684440995,2533.4060774619493,10133.624309847797,-73.93431417815749,5.143318109673314,2.5716405712578876,7.714958680931201,-81.6492728590887,-0.008057262669560625,-0.007295939924110721,10051.975036988708,Chaotic,37.25452017194404,1.966866415506139
ma-cross-20-50,3ae81a2303c0,0d633c5,BTC-USD,4h,2025-10-01 00:00:00,2026-07-26,32,train,long,2024-09-11 16:00:00,56648.0,56676.32399999999,2024-09-13 12:00:00,58489.61306157142,58460.36825504064,target,12,906.6445307857139,55316.35720382142,58489.61306157142,0.04433939221688367,2512.993759247177,10051.975036988708,81.65600384875117,5.105090956450878,2.5525658922259993,7.6576568486768775,73.99834700007429,0.007361572897642426,0.008123379091997132,10125.973383988781,Chaotic,23.089286823584025,1.988770284492097
ma-cross-20-50,3ae81a2303c0,0d633c5,BTC-USD,4h,2025-10-01 00:00:00,2026-07-26,33,train,short,2024-10-02 00:00:00,60796.0,60765.602000000006,2024-10-02 16:00:00,62123.66450091072,62154.726333161176,stop,5,905.3750006071433,62123.66450091072,58954.85199878572,0.04165997312093107,2531.4933459971953,10125.973383988781,-55.31046742155509,5.120857574375517,2.5604149595705223,7.681272533946039,-62.99173995550113,-0.006220808367431012,-0.005462237093079087,10062.98164403328,Trending,41.531377862206874,1.907313220871214
ma-cross-20-50,3ae81a2303c0,0d633c5,BTC-USD,4h,2025-10-01 00:00:00,2026-07-26,34,train,long,2024-10-07 20:00:00,63396.0,63427.698,2024-10-07 20:00:00,62486.86652592857,62455.623092665606,stop,1,627.2209827142854,62486.86652592857,64682.13996542857,0.03966319904922799,2515.74541100832,10062.98164403328,-36.05914194441129,4.9929352214762766,2.4964585959524968,7.489393817428773,-43.54853576184006,-0.004327597654683353,-0.0035833456941454433,10019.43310827144,Chaotic,26.94834296943543,1.9819799600911132
ma-cross-20-50,3ae81a2303c0,0d633c5,BTC-USD,4h,2025-10-01 00:00:00,2026-07-26,35,train,short,2024-10-11 00:00:00,60326.4,60296.236800000006,2024-10-11 12:00:00,61447.207542642864,61477.93114641418,stop,4,767.3138284285711,61447.207542642864,58761.609143142865,0.04154253084444334,2504.85827706786,10019.43310827144,-46.56118191092585,5.058807127970335,2.5293919236892535,7.588199051659588,-54.14938096258544,-0.005404435598046258,-0.00464708745572519,9965.283727308853,Chaotic,26.870781174101058,1.994266601187977
ma-cross-20-50,3ae81a2303c0,0d633c5,BTC-USD,4h,2025-10-01 00:00:00,2026-07-26,36,train,long,2024-10-14 04:00:00,64300.0,64332.149999999994,2024-10-14 12:00:00,65621.72714285714,65588.91627928571,target,3,644.7885714285715,63364.96714285714,65621.72714285714,0.038725908147438155,2491.3209318272134,9965.283727308853,51.185083930261484,5.031311279148843,2.5156684358452637,7.546979714994107,43.638104215267376,0.004379012721502506,0.0051363398505146355,10008.921831524121,Chaotic,20.44992798634969,1.9637122567307665
ma-cross-20-50,3ae81a2303c0,0d633c5,BTC-USD,4h,2025-10-01 00:00:00,2026-07-26,37,train,short,2024-10-23 20:00:00,66472.0,66438.76400000001,2024-10-24 12:00:00,67732.8065,67766.67290325,stop,5,862.6949999999987,67732.8065,64713.37400000001,0.037662206628061745,2502.2304578810304,10008.921831524121,-47.48475492100356,5.054472895259505,2.527224576440439,7.581697471699944,-55.0664523927035,-0.005501736682493222,-0.004744242758640144,9953.855379131417,Trending,37.135621088276864,1.882597391323096
ma-cross-20-50,3ae81a2303c0,0d633c5,BTC-USD,4h,2025-10-01 00:00:00,2026-07-26,38,train,long,2024-10-29 00:00:00,69962.21,69997.191105,2024-10-29 00:00:00,71237.4653907143,71201.84665801894,target,1,620.1371428571458,69066.98539071428,71237.4653907143,0.03555091005080487,2488.4638447828543,9953.855379131417,45.33648968708762,5.019754290773288,2.509888479508824,7.529642770282112,37.80684691680551,0.0037982113941567607,0.004554666303685409,9991.662226048222,Ranging,22.433147626807898,1.8915336207153666
ma-cross-20-50,3ae81a2303c0,0d633c5,BTC-USD,4h,2025-10-01 00:00:00,2026-07-26,39,train,short,2024-11-03 16:00:00,68090.91,68056.864545,2024-11-04 00:00:00,69374.19240214286,69408.87949834393,stop,3,878.2185714285713,69374.19240214286,66300.42740214286,0.03670335936296924,2497.9155565120554,9991.662226048222,-47.10077517002355,5.045454603720801,2.52271552666663,7.568170130387431,-54.66894530041098,-0.005471456506795163,-0.004714007950271981,9936.99328074781,Ranging,21.70256031771491,1.8827658851014004
ma-cross-20-50,3ae81a2303c0,0d633c5,BTC-USD,4h,2025-10-01 00:00:00,2026-07-26,40,train,long,2024-11-07 00:00:00,75571.99,75609.775995,2024-11-10 04:00:00,78971.73170928573,78932.24584343108,target,20,1680.9778571428583,73088.30920928571,78971.73170928573,0.0328561788141157,2484.2483201869527,9936.99328074781,111.702521522099,5.077660303818465,2.5388580775395866,7.616518381358052,104.08600314074096,0.010474597315306622,0.01124107849992355,10041.079283888552,Trending,35.029644439286336,1.943528689102765
ma-cross-20-50,3ae81a2303c0,0d633c5,BTC-USD,4h,2025-10-01 00:00:00,2026-07-26,41,train,short,2024-11-27 04:00:00,92588.0,92541.706,2024-11-27 12:00:00,95497.58671428572,95545.33550764286,stop,3,1970.587142857144,95497.58671428572,88600.53171428572,0.027125821745409985,2510.269820972138,10041.079283888552,-78.92493056452749,5.10201556055785,2.5509880490460404,7.65300360960389,-86.57793417413137,-0.00862237332525103,-0.007860203901702754,9954.501349714421,Chaotic,27.95347538565888,1.9680176251983188
ma-cross-20-50,3ae81a2303c0,0d633c5,BTC-USD,4h,2025-10-01 00:00:00,2026-07-26,42,train,long,2024-11-30 20:00:00,97019.69,97068.199845,2024-12-02 08:00:00,95421.69591642857,95373.98506847036,stop,10,1097.6692857142843,95421.69591642857,99263.53841642856,0.02563790552830361,2488.6253374286052,9954.501349714421,-40.969221349392605,4.933814556471887,2.466897035930309,7.400711592402196,-48.3699329417948,-0.004859101550393829,-0.004115647776828916,9906.131416772627,Chaotic,21.657862262768454,1.9914048768699466
ma-cross-20-50,3ae81a2303c0,0d633c5,BTC-USD,4h,2025-10-01 00:00:00,2026-07-26,43,train,short,2024-12-11 08:00:00,97334.59,97285.922705,2024-12-11 12:00:00,100272.41199071429,100322.54819670964,stop,2,1990.9928571428568,100272.41199071429,93303.9369907143,0.025456230308908562,2476.5328541931567,9906.131416772627,-74.78587320219926,5.030366746265177,2.5151646766639857,7.545531422929162,-82.33140462512841,-0.008311156107391074,-0.007549452965622392,9823.800012147498,Chaotic,20.421287661521372,1.9688218341599035
ma-cross-20-50,3ae81a2303c0,0d633c5,BTC-USD,4h,2025-10-01 00:00:00,2026-07-26,44,train,long,2024-12-13 16:00:00,99873.16,99923.09658,2024-12-15 04:00:00,102761.74800857142,102710.36713456715,target,10,1419.3257142857142,97794.10800857142,102761.74800857142,0.02457840166182803,2455.9500030368745,9823.800012147498,70.99687631020821,4.9804066613040865,2.4902210798706648,7.470627741174751,63.526248569033456,0.006466565737340018,0.0072270278530118595,9887.32626071653,Chaotic,12.679692551167284,1.973006864305158
ma-cross-20-50,3ae81a2303c0,0d633c5,BTC-USD,4h,2025-10-01 00:00:00,2026-07-26,45,train,short,2024-12-20 12:00:00,92723.99,92677.628005,2024-12-20 12:00:00,96386.92121928572,96435.11467989536,stop,1,2472.8621428571414,96386.92121928572,87731.90371928572,0.026655553199831067,2470.373443721431,9887.32626071653,-97.63745798299253,5.040904773403192,2.5204279773368086,7.561332750740001,-105.19879073373254,-0.010639761241792866,-0.009875011242515302,9782.127469982797,Trending,35.59891853121452,1.9478448588463317
ma-cross-20-50,3ae81a2303c0,0d633c5,BTC-USD,4h,2025-10-01 00:00:00,2026-07-26,46,train,long,2024-12-27 12:00:00,96952.38,97000.85619,2024-12-27 12:00:00,94890.93369,94843.48822315501,stop,1,1406.6150000000011,94890.93369,99814.08619,0.02521144620317087,2445.5318674956993,9782.127469982797,-51.97204274529009,4.836673368554843,2.4183236912665294,7.254997059821372,-59.22703980511146,-0.006054617463006298,-0.0053129590577070535,9722.900430177686,Ranging,20.976074895084928,1.9483027587829114
ma-cross-20-50,3ae81a2303c0,0d633c5,BTC-USD,4h,2025-10-01 00:00:00,2026-07-26,47,train,short,2024-12-28 16:00:00,94447.28,94400.05636,2024-12-30 12:00:00,91699.41064571429,91745.26035103714,target,12,1350.3228571428585,96425.5406457143,91699.41064571429,0.025749191274576283,2430.7251075444215,9722.900430177686,70.7554136010491,4.793091364859076,2.396563371282653,7.189654736141729,63.56575886490737,0.006537736277501477,0.0072771920384415625,9786.466189042594,Chaotic,18.449981913622587,1.9612691404031293
ma-cross-20-50,3ae81a2303c0,0d633c5,BTC-USD,4h,2025-10-01 00:00:00,2026-07-26,48,train,long,2025-01-03 12:00:00,96757.57,96805.948785,2025-01-03 16:00:00,98817.33021357143,98767.92154846466,target,2,1005.6907142857152,95297.41271357142,98817.33021357143,0.025273411169125896,2446.6165472606485,9786.466189042594,52.05716678739722,4.942818838874966,2.4714224337288044,7.41424127260377,44.642925514793454,0.0045617002759155145,0.005319301756305353,9831.109114557388,Chaotic,26.45063104470483,1.981799643190051
ma-cross-20-50,3ae81a2303c0,0d633c5,BTC-USD,4h,2025-10-01 00:00:00,2026-07-26,49,train,short,2025-01-09 20:00:00,91909.59,91863.635205,2025-01-10 04:00:00,94780.78377642858,94828.1741683168,stop,3,1944.7657142857165,94780.78377642858,87974.10377642857,0.02675462682436471,2457.777278639347,9831.109114557388,-76.81771802878518,4.994869690948525,2.497415641044668,7.492285331993193,-84.31000336077837,-0.008575838430674781,-0.00781373872811945,9746.79911119661,Chaotic,42.06153818363075,1.9764676189854826
ma-cross-20-50,3ae81a2303c0,0d633c5,BTC-USD,4h,2025-10-01 00:00:00,2026-07-26,50,train,long,2025-01-15 16:00:00,98992.42,99041.91621,2025-01-17 12:00:00,102648.56335285715,102597.23907118072,target,12,1803.3235714285745,96336.93085285713,102648.56335285715,0.024602712377177587,2436.6997777991523,9746.79911119661,89.95104332007418,4.960870141359939,2.480457558440648,7.441327699800587,82.5097156202736,0.008465314066593491,0.00922877780632035,9829.308826816883,Chaotic,19.85528486370785,1.9860205457218116
ma-cross-20-50,3ae81a2303c0,0d633c5,BTC-USD,4h,2025-10-01 00:00:00,2026-07-26,51,train,short,2025-01-25 20:00:00,105055.16,105002.63242000001,2025-01-27 00:00:00,101448.72813428572,101499.45249835285,target,8,1776.952142857144,107668.06063428572,101448.72813428572,0.023402529537308724,2457.3272067042208,9829.308826816883,84.39962826167,4.832671141817587,2.4163566708155884,7.249027812633176,77.15060044903683,0.007849036164023064,0.00858652726745202,9906.45942726592,Ranging,11.964902461851313,1.8821106710759954
ma-cross-20-50,3ae81a2303c0,0d633c5,BTC-USD,4h,2025-10-01 00:00:00,2026-07-26,52,train,short,2025-01-27 12:00:00,98761.12,98711.73944,2025-01-27 12:00:00,100492.48158285714,100542.72782364857,stop,1,1187.1614285714293,100492.48158285714,96337.41658285714,0.02508936496172111,2476.61485681648,9906.45942726592,-43.43876263300616,4.99916804943099,2.499573165024586,7.498741214455576,-50.937503847461734,-0.005141847520948255,-0.004384892801705524,9855.521923418459,Ranging,18.216587409321473,1.9034802649461098
ma-cross-20-50,3ae81a2303c0,0d633c5,BTC-USD,4h,2025-10-01 00:00:00,2026-07-26,53,train,long,2025-01-31 12:00:00,104736.01,104788.37800499999,2025-01-31 16:00:00,102865.50764785713,102814.07489403321,stop,2,1281.913571428572,102865.50764785713,107352.20514785714,0.023512917441446134,2463.8804808546147,9855.521923418459,-43.980967379966025,4.881339335656678,2.4406586725861175,7.321998008242796,-51.30296538820882,-0.005205504669042836,-0.004462571107011541,9804.21895803025,Ranging,14.786344237813895,1.9486516083410648
ma-cross-20-50,3ae81a2303c0,0d633c5,BTC-USD,4h,2025-10-01 00:00:00,2026-07-26,54,train,short,2025-02-02 12:00:00,98864.6,98815.1677,2025-02-02 20:00:00,96237.77341428571,96285.89230099284,target,3,1288.6971428571455,100748.21341428572,96237.77341428571,0.02480443839298936,2451.0547395075623,9804.21895803025,65.15695821441689,4.839372223201548,2.4197024008400803,7.259074624041628,57.89788359037526,0.005905404993322123,0.006645808145793132,9862.116841620624,Chaotic,18.84571897282841,1.9627706996564995
ma-cross-20-50,3ae81a2303c0,0d633c5,BTC-USD,4h,2025-10-01 00:00:00,2026-07-26,55,train,long,2025-02-15 16:00:00,97633.21,97682.026605,2025-02-16 20:00:00,96237.73981928572,96189.62094937608,stop,8,962.8578571428546,96237.73981928572,99607.74231928571,0.025240356860890045,2465.529210405156,9862.116841620624,-35.22216534995927,4.893389569481154,2.446685979199124,7.340075548680278,-42.562240898639544,-0.004315730748495712,-0.0035714609668091577,9819.554600721984,Chaotic,18.023199510542707,1.9622572864846735
ma-cross-20-50,3ae81a2303c0,0d633c5,BTC-USD,4h,2025-10-01 00:00:00,2026-07-26,56,train,short,2025-02-18 08:00:00,95456.92,95409.19154,2025-02-18 12:00:00,96512.07189714286,96560.32793309142,stop,2,735.2535714285706,96512.07189714286,93938.68439714286,0.025730106403336325,2454.888650180496,9819.554600721984,-27.149170585167962,4.939396162239987,2.469691293827143,7.40908745606713,-34.55825804123509,-0.0035193305039206355,-0.002764806723837741,9784.996342680748,Ranging,18.255686211733273,1.885594815692599
ma-cross-20-50,3ae81a2303c0,0d633c5,BTC-USD,4h,2025-10-01 00:00:00,2026-07-26,57,train,long,2025-02-21 16:00:00,98104.04,98153.09201999998,2025-02-21 16:00:00,96693.93594857141,96645.58898059712,stop,1,972.7707142857138,96693.93594857141,100098.6334485714,0.024922791888937455,2446.249085670187,9784.996342680748,-35.143729815502184,4.8549269868173965,2.427454707475931,7.282381694293328,-42.42611150979551,-0.004335833149445229,-0.003591593556577051,9742.570231170952,Ranging,21.61949152495959,1.7959709434057998
ma-cross-20-50,3ae81a2303c0,0d633c5,BTC-USD,4h,2025-10-01 00:00:00,2026-07-26,58,train,short,2025-02-24 16:00:00,94323.95,94276.788025,2025-02-24 20:00:00,92826.25088214286,92872.66400758392,target,2,725.268571428571,95364.69088214285,92826.25088214286,0.02583501844745562,2435.642557792738,9742.570231170952,38.69308433857705,4.8350095456930156,2.4175144461171953,7.252523991810211,31.44056034676684,0.0032271320196567907,0.003971547899627156,9774.01079151772,Ranging,23.67370072693045,1.7580485886689068
ma-cross-20-50,3ae81a2303c0,0d633c5,BTC-USD,4h,2025-10-01 00:00:00,2026-07-26,59,train,long,2025-03-04 12:00:00,83937.93,83979.89896499999,2025-03-05 08:00:00,89614.42182214285,89569.61461123178,target,6,2817.26142857143,79754.00682214284,89614.42182214285,0.023128869505196263,1942.3601242210514,9774.01079151772,131.2908386016558,4.014004052194951,2.007034848806825,6.021038901001776,125.26979970065402,0.012816621791472565,0.013432647190812934,9899.280591218374,Trending,27.712408979973286,1.9521191270659168
ma-cross-20-50,3ae81a2303c0,0d633c5,BTC-USD,4h,2025-10-01 00:00:00,2026-07-26,60,train,short,2025-03-09 12:00:00,85024.0,84981.488,2025-03-09 20:00:00,82121.44085714285,82162.50157757141,target,3,1430.0235714285704,87126.52335714285,82121.44085714285,0.029121873552091646,2474.8201478045935,9899.280591218374,84.52796033575342,4.867546129470158,2.4337941967249748,7.301340326195133,77.22662000955829,0.007801235584539933,0.008538798305276643,9976.507211227932,Ranging,19.559326423828036,1.8120932149536244
ma-cross-20-50,3ae81a2303c0,0d633c5,BTC-USD,4h,2025-10-01 00:00:00,2026-07-26,61,train,long,2025-03-16 04:00:00,84332.35,84374.516175,2025-03-16 08:00:00,82986.8618892857,82945.36845834106,stop,2,925.1028571428573,82986.8618892857,86224.7218892857,0.029560190871304667,2494.126802806983,9976.507211227932,-39.77288536778585,4.946007726326239,2.4729939199414233,7.419001646267662,-47.191887014053506,-0.0047303014987993,-0.003986654299515161,9929.315324213878,Ranging,15.471252928102187,1.830128921105884
ma-cross-20-50,3ae81a2303c0,0d633c5,BTC-USD,4h,2025-10-01 00:00:00,2026-07-26,62,train,short,2025-03-29 16:00:00,82414.22,82373.01289000001,2025-03-31 12:00:00,83915.69110428572,83957.64894983787,stop,12,1028.452142857144,83915.69110428572,80316.10860428572,0.03013521958178637,2482.3288310534695,9929.315324213878,-45.24716142335754,5.012411017727369,2.506194197072908,7.518605214800277,-52.765766638157814,-0.005314139486484218,-0.004556926630481427,9876.54955757572,Trending,31.910293307411802,1.949405955690469
ma-cross-20-50,3ae81a2303c0,0d633c5,BTC-USD,4h,2025-10-01 00:00:00,2026-07-26,63,train,long,2025-04-04 12:00:00,82680.44,82721.78022,2025-04-06 16:00:00,80025.65879142858,79985.64596203287,stop,14,1797.4142857142858,80025.65879142858,86316.60879142857,0.029848697438899605,2469.13738939393,9876.54955757572,-79.24176106112469,4.856604735169591,2.4282825571443283,7.284887292313919,-86.52664835343862,-0.008760817515168455,-0.008023223150876918,9790.022909222282,Chaotic,22.419116784035605,1.9876791617961516
ma-cross-20-50,3ae81a2303c0,0d633c5,BTC-USD,4h,2025-10-01 00:00:00,2026-07-26,64,train,long,2025-04-12 12:00:00,83528.3,83570.06414999999,2025-04-21 00:00:00,86545.55557857142,86502.28280078214,target,52,1487.7457142857145,81338.44557857142,86545.55557857142,0.029286871467665024,2447.5057273055704,9790.022909222282,88.36597631471648,4.980886965351687,2.4904655741696047,7.471352539521292,80.89462377519519,0.008262965727995569,0.009026125590725124,9870.917532997477,Ranging,18.96280660381886,1.8939069819355974
ma-cross-20-50,3ae81a2303c0,0d633c5,BTC-USD,4h,2025-10-01 00:00:00,2026-07-26,65,train,short,2025-05-06 08:00:00,94400.98,94353.77951000001,2025-05-06 20:00:00,95631.70558142857,95679.52143421928,stop,4,851.950714285711,95631.70558142857,92649.87808142859,0.026154006718806945,2467.729383249369,9870.917532997477,-32.18840512569052,4.970132229692173,2.485058067744312,7.455190297436485,-39.64359542312701,-0.004016201664192056,-0.003260933445962642,9831.27393757435,Trending,25.12049875924627,1.9536693909595297
ma-cross-20-50,3ae81a2303c0,0d633c5,BTC-USD,4h,2025-10-01 00:00:00,2026-07-26,66,train,long,2025-05-08 12:00:00,99409.15,99458.85457499999,2025-05-08 16:00:00,101638.07028928571,101587.25125414107,target,2,1089.6078571428568,97824.4427892857,101638.07028928571,0.024711912226378942,2457.8184843935874,9831.27393757435,55.08088254842372,4.968233720705026,2.484130630572963,7.452364351277989,47.62851819714574,0.004844592725171996,0.005602619039828496,9878.902455771495,Trending,27.96806620954271,1.9587430128835253
ma-cross-20-50,3ae81a2303c0,0d633c5,BTC-USD,4h,2025-10-01 00:00:00,2026-07-26,67,train,short,2025-05-17 08:00:00,103451.13,103399.404435,2025-05-18 12:00:00,104941.64979214285,104994.12061703892,stop,8,1028.163571428569,104941.64979214285,101343.07729214287,0.023885298251359058,2469.7256139428737,9878.902455771495,-35.601509784885636,4.977541499520015,2.4887618493824704,7.4663033489024855,-43.06781313378812,-0.004359574692290524,-0.003603792014778562,9835.834642637707,Chaotic,16.33585377894698,1.9806069537676858
ma-cross-20-50,3ae81a2303c0,0d633c5,BTC-USD,4h,2025-10-01 00:00:00,2026-07-26,68,train,long,2025-05-18 16:00:00,105518.0,105570.75899999999,2025-05-18 16:00:00,104441.83114285713,104389.61022728571,stop,1,752.6185714285706,104441.83114285713,107075.99614285713,0.023292043023574613,2458.9586606594266,9835.834642637707,-25.066171321202795,4.89040595328755,2.4451967101005962,7.335602663388146,-32.40177398459094,-0.003294257697677363,-0.0025484539169195225,9803.432868653115,Chaotic,14.52315899728444,1.9677388716060864
ma-cross-20-50,3ae81a2303c0,0d633c5,BTC-USD,4h,2025-10-01 00:00:00,2026-07-26,69,train,short,2025-05-29 12:00:00,108779.83,108725.44008500001,2025-05-29 12:00:00,106487.12865642858,106540.37222075679,target,1,1119.155714285716,110404.17365642858,106487.12865642858,0.02254171806752157,2450.858217163279,9803.432868653115,51.681427299814814,4.852461250572386,2.4262435456427056,7.2787047962150915,44.40272250359972,0.004529303469357073,0.005271768368513883,9847.835591156714,Ranging,19.007778226000447,1.949238833604768
ma-cross-20-50,3ae81a2303c0,0d633c5,BTC-USD,4h,2025-10-01 00:00:00,2026-07-26,70,train,long,2025-06-09 08:00:00,105560.71,105613.490355,2025-06-09 08:00:00,106806.12892642857,106752.72586196536,target,1,596.3192857142878,104719.01142642857,106806.12892642857,0.023311026740180294,2461.9588977891785,9847.835591156714,29.031993896702957,4.950474544944589,2.475244530470672,7.425719075415261,21.6062748212877,0.0021940125443087187,0.0029480583452036386,9869.441865978002,Ranging,12.225727673745318,1.911897985358757
ma-cross-20-50,3ae81a2303c0,0d633c5,BTC-USD,4h,2025-10-01 00:00:00,2026-07-26,71,train,short,2025-06-14 16:00:00,104841.29,104788.869355,2025-06-16 04:00:00,106614.51614071429,106667.82339878463,stop,10,1217.097857142858,106614.51614071429,102354.67364071429,0.023546016687475312,2467.3604664945005,9869.441865978002,-41.75241229992621,4.978962816258953,2.4894709700258986,7.4684337862848515,-49.22084608621107,-0.004987196515730586,-0.004230473502646119,9820.221019891791,Ranging,24.997929402839926,1.9530254431885172
ma-cross-20-50,3ae81a2303c0,0d633c5,BTC-USD,4h,2025-10-01 00:00:00,2026-07-26,72,train,long,2025-06-26 00:00:00,107340.59,107394.26029499999,2025-07-01 16:00:00,105433.18708071427,105380.47048717392,stop,35,1307.3821428571412,105433.18708071427,110009.02458071426,0.022860209179049108,2455.0552549729478,9820.221019891791,-43.60362972360064,4.864074853696355,2.432026525940252,7.296101379636607,-50.899731103237244,-0.005183155348554274,-0.004440188223388999,9769.321288788553,Ranging,24.447213637192547,1.940560656643537
ma-cross-20-50,3ae81a2303c0,0d633c5,BTC-USD,4h,2025-10-01 00:00:00,2026-07-26,73,train,short,2025-07-20 08:00:00,118029.49,117970.47525500001,2025-07-21 04:00:00,119412.3770407143,119472.08322923465,stop,6,961.2678571428571,119412.3770407143,116047.9395407143,0.020702894660023195,2442.3303221971382,9769.321288788553,-28.629764730619293,4.915748276105507,2.457866980611154,7.373615256716661,-36.003379987335954,-0.0036853512053753494,-0.0029305786844655546,9733.317908801217,Ranging,14.861579289204949,1.8899784993717792
ma-cross-20-50,3ae81a2303c0,0d633c5,BTC-USD,4h,2025-10-01 00:00:00,2026-07-26,74,train,long,2025-07-23 04:00:00,118614.16,118673.46708,2025-07-25 00:00:00,116210.93743714286,116152.83196842429,stop,12,1641.6864285714296,116210.93743714286,121956.83993714287,0.020504410438771044,2433.329477200304,9733.317908801217,-49.276661804538186,4.814974817506482,2.4074750895876846,7.222449907094167,-56.49911171163235,-0.0058047124568430895,-0.0050626787562317735,9676.818797089585,Ranging,11.426683676690185,1.9415986502694853
ma-cross-20-50,3ae81a2303c0,0d633c5,BTC-USD,4h,2025-10-01 00:00:00,2026-07-26,75,train,short,2025-07-25 16:00:00,115727.07,115669.20646500001,2025-07-26 08:00:00,117762.463965,117821.3451969825,stop,5,1395.5049999999985,117762.463965,112878.19646500002,0.02091485515641033,2419.2046992723963,9676.818797089585,-42.56996996420662,4.883421068400707,2.441699891707664,7.325120960108371,-49.89509092431499,-0.005156146040403434,-0.004399169898377143,9626.92370616527,Ranging,18.616116228815578,1.9328150431818796
ma-cross-20-50,3ae81a2303c0,0d633c5,BTC-USD,4h,2025-10-01 00:00:00,2026-07-26,76,train,long,2025-07-29 00:00:00,118062.32,118121.35116,2025-07-29 16:00:00,117030.47830285715,116971.96306370573,stop,5,727.2485714285701,117030.47830285715,119575.84830285715,0.02037507108500059,2406.7309265413173,9626.92370616527,-21.02384792775327,4.790042988916385,2.3950162384961615,7.185059227412546,-28.208907155165818,-0.002930209900500228,-0.0021838594102796503,9598.714799010104,Ranging,12.813088117421444,1.9239945617734404
ma-cross-20-50,3ae81a2303c0,0d633c5,BTC-USD,4h,2025-10-01 00:00:00,2026-07-26,77,train,short,2025-08-01 00:00:00,115764.07,115706.18796500002,2025-08-01 16:00:00,113440.03939357145,113496.75941326823,target,5,1133.0742857142852,117405.79939357145,113440.03939357145,0.020739415427620908,2399.678699752526,9598.714799010104,48.19903621322753,4.75353514291304,2.3767796212151,7.13031476412814,41.06872144909939,0.004278564610892984,0.00502140518001412,9639.783520459203,Ranging,17.865622722798808,1.8452209265375825
ma-cross-20-50,3ae81a2303c0,0d633c5,BTC-USD,4h,2025-10-01 00:00:00,2026-07-26,78,train,long,2025-08-08 04:00:00,116737.34,116795.70866999999,2025-08-10 12:00:00,118825.22152714286,118765.80891637929,target,15,1014.7564285714294,115273.57402714285,118825.22152714286,0.02063385639385068,2409.9458801148007,9639.783520459203,43.08104759843945,4.860542525794882,2.4302820331591803,7.290824558954062,35.79022303948538,0.003712762113747184,0.004469088699658603,9675.573743498688,Ranging,22.275089340525437,1.9151631045056976
ma-cross-20-50,3ae81a2303c0,0d633c5,BTC-USD,4h,2025-10-01 00:00:00,2026-07-26,79,train,short,2025-08-17 04:00:00,117684.96,117626.11752000001,2025-08-18 00:00:00,116013.97037714288,116071.97736233144,target,6,806.0735714285713,118835.22787714287,116013.97037714288,0.02056425466447438,2418.893435874672,9675.573743498688,34.36265614612803,4.805827137762761,2.4029221595450956,7.208749297307857,27.153906848820174,0.0028064389325817203,0.003551485116757789,9702.727650347508,Ranging,24.254942297608014,1.9048099776677285
ma-cross-20-50,3ae81a2303c0,0d633c5,BTC-USD,4h,2025-10-01 00:00:00,2026-07-26,80,train,long,2025-09-04 08:00:00,110463.36,110518.59168,2025-09-05 04:00:00,112807.97310857143,112751.56912201716,target,6,1144.6907142857162,108801.55560857142,112807.97310857143,0.021948179719936123,2425.681912586877,9702.727650347508,51.459989880643846,4.90037361538171,2.4501996726879796,7.35057328806969,44.109416592574156,0.0045460841715983195,0.005303662200474192,9746.837066940081,Chaotic,17.097688354419898,1.969327859907067
ma-cross-20-50,3ae81a2303c0,0d633c5,BTC-USD,4h,2025-10-01 00:00:00,2026-07-26,81,train,short,2025-09-22 00:00:00,115232.29,115174.673855,2025-09-22 00:00:00,114314.56671214286,114371.72399549892,target,1,430.05357142857036,115819.75421214286,114314.56671214286,0.021156641344630446,2436.7092667350203,9746.837066940081,19.415942454808505,4.856430811274855,2.4282202596227265,7.284651070897581,12.131291383910924,0.0012446387787745606,0.001992024932956424,9758.968358323991,Ranging,19.365267669392143,1.6328564046253842
ma-cross-20-50,3ae81a2303c0,0d633c5,BTC-USD,4h,2025-10-01 00:00:00,2026-07-26,82,train,long,2025-09-30 16:00:00,113106.15,113162.70307499998,2025-10-01 08:00:00,114924.99736071426,114867.5348620339,target,5,881.1471428571406,111840.98236071428,114924.99736071426,0.02155959537272655,2439.742089580998,9758.968358323991,39.21361314175118,4.9162396626690095,2.4581296347374746,7.374369297406484,31.839243844344697,0.003262562463089365,0.004018212960830395,9790.807602168336,Trending,41.756985241873515,1.7771006061454961
ma-cross-20-50,3ae81a2303c0,0d633c5,BTC-USD,4h,2025-10-01 00:00:00,2026-07-26,83,holdout,short,2025-10-10 12:00:00,121554.55,121493.772725,2025-10-10 12:00:00,118627.42843928571,118686.74215350534,target,1,1433.172142857144,123643.53093928572,118627.42843928571,0.02014672724076512,2447.701900542084,9790.807602168336,58.971919684273594,4.838851321803776,2.4194404038816657,7.258291725685441,51.713627958588155,0.005281855191101429,0.006023192578231574,9842.521230126924,Ranging,17.839222474756717,1.933283403618519
ma-cross-20-50,3ae81a2303c0,0d633c5,BTC-USD,4h,2025-10-01 00:00:00,2026-07-26,84,holdout,long,2025-10-22 12:00:00,107555.04,107608.81751999998,2025-10-24 04:00:00,111317.27466285713,111261.61602552571,target,11,1854.2285714285722,104827.47466285713,111317.27466285713,0.022866437567482818,2460.630307531731,9842.521230126924,86.02890403244254,5.0047871040366605,2.502415059243887,7.507202163280548,78.52170186916199,0.007977803657544096,0.008740535277599108,9921.042931996086,Chaotic,23.25118712616645,1.9695161722485668
ma-cross-20-50,3ae81a2303c0,0d633c5,BTC-USD,4h,2025-10-01 00:00:00,2026-07-26,85,holdout,short,2025-10-31 04:00:00,109227.87,109173.256065,2025-11-03 16:00:00,105406.58035071428,105459.28364088964,target,22,1883.3378571428568,111998.26285071428,105406.58035071428,0.022718574332181815,2480.2607329990215,9921.042931996086,86.8142529420944,4.876145307413219,2.438094357269833,7.314239664683051,79.50001327741134,0.00801327177216601,0.00875051680928747,10000.542945273497,Chaotic,32.8584917142992,1.9712530830172799
ma-cross-20-50,3ae81a2303c0,0d633c5,BTC-USD,4h,2025-10-01 00:00:00,2026-07-26,86,holdout,long,2025-11-11 04:00:00,106456.0,106509.22799999999,2025-11-11 12:00:00,104589.01692857142,104536.72242010714,stop,3,1280.1407142857133,104589.01692857142,109069.50942857141,0.02347341900101252,2500.1357363183743,10000.542945273497,-43.824475903440295,4.953970022678088,2.4769740552197845,7.430944077897872,-51.255419981338164,-0.00512526372436236,-0.004382209660341774,9949.287525292159,Chaotic,24.202699595998848,1.9812594675652178
ma-cross-20-50,3ae81a2303c0,0d633c5,BTC-USD,4h,2025-10-01 00:00:00,2026-07-26,87,holdout,short,2025-11-14 04:00:00,99139.38,99089.81031000002,2025-11-14 12:00:00,95567.99173857144,95615.77573444071,target,3,1760.9092857142864,101731.17423857145,95567.99173857144,0.025101691824230107,2487.3218813230396,9949.287525292159,89.64788752305287,4.887439617343669,2.4437422206432586,7.331181837986928,82.31670568506594,0.008273628184511507,0.009010483142150461,10031.604230977224,Chaotic,17.387300186476097,1.987065628528578
ma-cross-20-50,3ae81a2303c0,0d633c5,BTC-USD,4h,2025-10-01 00:00:00,2026-07-26,88,holdout,long,2025-11-27 04:00:00,91091.68,91137.22583999998,2025-12-01 00:00:00,88963.01869714285,88918.53718779428,stop,24,1449.4714285714279,88963.01869714285,94036.16869714284,0.027517856009213658,2507.901057744306,10031.604230977224,-58.57619522440805,4.954748560627939,2.4773596362648007,7.43210819689274,-66.0083034213008,-0.006580034648642695,-0.005839165289588172,9965.595927555923,Ranging,20.35600902070704,1.9420664945200263
ma-cross-20-50,3ae81a2303c0,0d633c5,BTC-USD,4h,2025-10-01 00:00:00,2026-07-26,89,holdout,short,2025-12-02 08:00:00,87012.64,86969.13368,2025-12-02 12:00:00,88954.28725142857,88998.76439505428,stop,2,1323.4357142857148,88954.28725142857,84322.26225142858,0.02864693341727422,2491.398981888981,9965.595927555923,-55.62223953150776,5.040940659733777,2.520456424307021,7.561397084040798,-63.18363661554856,-0.006340176450546137,-0.0055814263327400625,9902.412290940374,Trending,27.023515604697398,1.9389475372999492
ma-cross-20-50,3ae81a2303c0,0d633c5,BTC-USD,4h,2025-10-01 00:00:00,2026-07-26,90,holdout,long,2025-12-04 20:00:00,91975.43,92021.41771499999,2025-12-05 16:00:00,89493.15057214284,89448.40399685677,stop,6,1685.5114285714278,89493.15057214284,95392.44057214285,0.026902466123726723,2475.6030727350935,9902.412290940374,-66.7794382175508,4.881985731081955,2.440976170681367,7.322961901763322,-74.10240011931413,-0.007483267505142129,-0.006743754577725136,9828.30989082106,Ranging,20.8292644811184,1.9350253922295855
ma-cross-20-50,3ae81a2303c0,0d633c5,BTC-USD,4h,2025-10-01 00:00:00,2026-07-26,91,holdout,short,2025-12-08 04:00:00,91068.3,91022.76585000001,2025-12-09 12:00:00,92685.20192142858,92731.54452238929,stop,9,1108.2907142857116,92685.20192142858,88806.18442142858,0.026994098122159672,2457.077472705265,9828.30989082106,-43.646809120951595,4.960281884562059,2.48013003057833,7.440411915140389,-51.08722103609198,-0.005197966039288586,-0.0044409272403706564,9777.222669784967,Trending,26.037722359632927,1.8696183223232843
ma-cross-20-50,3ae81a2303c0,0d633c5,BTC-USD,4h,2025-10-01 00:00:00,2026-07-26,92,holdout,long,2025-12-10 16:00:00,92063.69,92109.721845,2025-12-11 00:00:00,90187.39255928571,90142.29886300607,stop,3,1281.5528571428586,90187.39255928571,94672.82755928571,0.026536891204160404,2444.305667446242,9777.222669784967,-49.791101050879725,4.836402045266746,2.418188574857787,7.254590620124533,-57.045691671004256,-0.00583454970779129,-0.0050925608153276096,9720.176978113963,Ranging,19.139288263950757,1.9305619755211916
ma-cross-20-50,3ae81a2303c0,0d633c5,BTC-USD,4h,2025-10-01 00:00:00,2026-07-26,93,holdout,short,2025-12-14 04:00:00,90258.99,90213.860505,2025-12-14 20:00:00,88440.78907642857,88485.00947096678,target,5,886.5357142857143,91543.66407642857,88440.78907642857,0.026936484381951575,2430.0442445284907,9720.176978113963,48.97594078103191,4.813519320180025,2.406771904075015,7.22029122425504,41.755649556776866,0.004295770504055045,0.0050385852944145534,9761.93262767074,Ranging,11.987759777159253,1.958486475922112
ma-cross-20-50,3ae81a2303c0,0d633c5,BTC-USD,4h,2025-10-01 00:00:00,2026-07-26,94,holdout,long,2025-12-22 04:00:00,88774.13,88818.517065,2025-12-22 12:00:00,90132.44135071427,90087.37513003893,target,3,656.9621428571439,87833.07385071428,90132.44135071427,0.027477188739051653,2440.483156917685,9761.93262767074,37.32257734997217,4.915830966371513,2.457924813829507,7.37375578020102,29.94882156977115,0.003067919305740705,0.003823277497754825,9791.88144924051,Ranging,17.365102243757985,1.922044559178577
ma-cross-20-50,3ae81a2303c0,0d633c5,BTC-USD,4h,2025-10-01 00:00:00,2026-07-26,95,holdout,short,2025-12-26 00:00:00,87225.27,87181.657365,2025-12-26 00:00:00,88374.277365,88418.4645036825,stop,1,795.0799999999975,88374.277365,85591.49736500002,0.02807896106013799,2447.9703623101277,9791.88144924051,-32.26293305964669,4.930668984106222,2.465326426319592,7.395995410425814,-39.6589284700725,-0.0040501847040998,-0.0032948655707171685,9752.222520770438,Ranging,10.749782193163652,1.8678024220774825
ma-cross-20-50,3ae81a2303c0,0d633c5,BTC-USD,4h,2025-10-01 00:00:00,2026-07-26,96,holdout,long,2025-12-30 16:00:00,89016.36,89060.86817999999,2025-12-31 16:00:00,87688.94782285714,87645.10334894572,stop,7,914.6135714285712,87688.94782285714,90890.09532285713,0.027375161280317643,2438.0556301926094,9752.222520770438,-36.33812243474341,4.837354469800106,2.418668150368937,7.256022620169043,-43.59414505491245,-0.004470175384335719,-0.0037261375401709614,9708.628375715525,Ranging,11.770970184546234,1.81668063647209
ma-cross-20-50,3ae81a2303c0,0d633c5,BTC-USD,4h,2025-10-01 00:00:00,2026-07-26,97,holdout,short,2026-01-10 04:00:00,90626.15,90580.836925,2026-01-12 00:00:00,92210.95121071428,92257.05668631963,stop,12,1086.7428571428588,92210.95121071428,88407.35121071427,0.026795480990516155,2427.1570939288813,9708.628375715525,-42.46551071544163,4.89922930260813,2.449604034926125,7.348833337534255,-49.81434405297588,-0.005130935300559856,-0.0043739969305717635,9658.814031662549,Ranging,23.214727925610454,1.916513003935643
ma-cross-20-50,3ae81a2303c0,0d633c5,BTC-USD,4h,2025-10-01 00:00:00,2026-07-26,98,holdout,long,2026-01-14 04:00:00,95720.99,95768.850495,2026-01-18 20:00:00,93968.64692357143,93921.66260010964,stop,29,1200.135714285714,93968.64692357143,98169.12192357144,0.025213871686198285,2414.703507915637,9658.814031662549,-44.18335347926799,4.78283225726921,2.391405082796304,7.174237340065514,-51.35759081933351,-0.005317173583731734,-0.004574407720702623,9607.456440843214,Ranging,24.610304459426356,1.9514763587104795
ma-cross-20-50,3ae81a2303c0,0d633c5,BTC-USD,4h,2025-10-01 00:00:00,2026-07-26,99,holdout,short,2026-01-20 08:00:00,91177.99,91132.401005,2026-01-20 16:00:00,89543.91957642858,89588.6915362168,target,3,794.240714285715,92323.76207642858,89543.91957642858,0.02635576462074147,2401.8641102108036,9607.456440843214,43.06717545736371,4.763042577019547,2.3815320553034667,7.144574632323014,35.922600825040696,0.0037390334316090732,0.00448268235433018,9643.379041668255,Trending,27.76683877542646,1.9349969081804166
ma-cross-20-50,3ae81a2303c0,0d633c5,BTC-USD,4h,2025-10-01 00:00:00,2026-07-26,100,holdout,long,2026-02-16 08:00:00,68587.89,68622.183945,2026-02-17 12:00:00,67194.28680214286,67160.68965874179,stop,8,951.9314285714271,67194.28680214286,70526.04680214285,0.035132148553437645,2410.8447604170638,9643.379041668255,-48.96027457166283,4.770344086459303,2.3851598031609313,7.155503889620235,-56.115778461283064,-0.005819099116483067,-0.005077087021064864,9587.263263206973,Ranging,17.52472294535195,1.8760482594188976
ma-cross-20-50,3ae81a2303c0,0d633c5,BTC-USD,4h,2025-10-01 00:00:00,2026-07-26,101,holdout,short,2026-02-18 20:00:00,66177.15,66144.06142499999,2026-02-20 04:00:00,67987.1896392857,68021.18323410534,stop,9,1228.7521428571429,67987.1896392857,63686.55713928571,0.03623629641369189,2396.815815801743,9587.263263206973,-65.58913288968884,4.861651573882833,2.430809389658009,7.292460963540842,-72.88159385322969,-0.00760191848834769,-0.0068412779631701745,9514.381669353743,Ranging,14.341454775186207,1.855724003062485
ma-cross-20-50,3ae81a2303c0,0d633c5,BTC-USD,4h,2025-10-01 00:00:00,2026-07-26,102,holdout,long,2026-02-28 04:00:00,65797.42,65830.31870999999,2026-02-28 04:00:00,64139.45228142857,64107.382555287855,stop,1,1127.244285714285,64139.45228142857,68084.80728142857,0.03613221785871612,2378.5954173384357,9514.381669353743,-59.90605081014151,4.6949373301781545,2.347453688576053,7.042391018754207,-66.94844182889571,-0.007036552048835679,-0.006296368265643749,9447.433227524847,Ranging,22.20722409661832,1.9257403117445828
ma-cross-20-50,3ae81a2303c0,0d633c5,BTC-USD,4h,2025-10-01 00:00:00,2026-07-26,103,holdout,short,2026-03-01 20:00:00,65962.16,65929.17892,2026-03-02 12:00:00,67921.46392000001,67955.42465196,stop,5,1328.1899999999998,67921.46392000001,63272.79892000001,0.03582417293179315,2361.858306881212,9447.433227524847,-70.19044245602042,4.796305191266466,2.398135048022141,7.194440239288607,-77.38488269530903,-0.00819110131097304,-0.007429578041527981,9370.048344829538,Ranging,16.80130552207009,1.9176027228771955
ma-cross-20-50,3ae81a2303c0,0d633c5,BTC-USD,4h,2025-10-01 00:00:00,2026-07-26,104,holdout,long,2026-03-02 20:00:00,68966.52,69001.00326,2026-03-03 08:00:00,66539.29325999999,66506.02361337,stop,4,1641.1400000000006,66539.29325999999,72283.28326,0.03394895690691128,2342.5120862073845,9370.048344829538,-82.40181599956318,4.600322215907707,2.3001405074995205,6.9004627234072275,-89.30227872297041,-0.00953061024196829,-0.008794171915349093,9280.746066106567,Ranging,15.939410092758239,1.902919611114228
ma-cross-20-50,3ae81a2303c0,0d633c5,BTC-USD,4h,2025-10-01 00:00:00,2026-07-26,105,holdout,short,2026-03-09 00:00:00,65971.2,65938.2144,2026-03-09 00:00:00,67176.5019,67210.09015095,stop,1,825.5250000000025,67176.5019,64287.164399999994,0.035187281573197136,2320.1865165266418,9280.746066106567,-42.4112973360097,4.685126883228083,2.342552838789473,7.027679722017556,-49.43897705802726,-0.005327047707789269,-0.004569815512019711,9231.30708904854,Trending,25.3393579058396,1.912374153895216
ma-cross-20-50,3ae81a2303c0,0d633c5,BTC-USD,4h,2025-10-01 00:00:00,2026-07-26,106,holdout,long,2026-03-12 12:00:00,70427.9,70463.11394999998,2026-03-13 12:00:00,72859.00680714284,72822.57730373928,target,7,1197.9464285714275,68666.19430714284,72859.00680714284,0.03275226771697528,2307.826772262135,9231.30708904854,79.62426099610346,4.692931319954332,2.3464855660417356,7.039416885996068,72.5848441101074,0.007862899956628854,0.00862545901983532,9303.891933158648,Chaotic,15.883062982484544,1.974628839445551
ma-cross-20-50,3ae81a2303c0,0d633c5,BTC-USD,4h,2025-10-01 00:00:00,2026-07-26,107,holdout,short,2026-03-20 16:00:00,69860.09,69825.159955,2026-03-22 20:00:00,67438.46566928571,67472.18490212035,target,14,1193.347142857143,71615.1806692857,67438.46566928571,0.03331138782623161,2325.972983289662,9303.891933158648,80.66766724986216,4.573565102047402,2.286802717940546,6.860367819987948,73.80729942987422,0.00793294891644521,0.008670314297435706,9377.699232588522,Chaotic,33.04731479400148,1.9838764383973975
ma-cross-20-50,3ae81a2303c0,0d633c5,BTC-USD,4h,2025-10-01 00:00:00,2026-07-26,108,holdout,long,2026-03-26 08:00:00,70087.44,70122.48372,2026-03-26 16:00:00,68536.7930057143,68502.52460921144,stop,3,1057.1271428571438,68536.7930057143,72236.73800571429,0.03343328250477336,2344.4248081471305,9377.699232588522,-51.84321902513174,4.634689065697087,2.317331572043777,6.952020637740864,-58.7952396628726,-0.006269687074048266,-0.005528351649941057,9318.903992925649,Chaotic,15.675312297446872,1.969722927586566
ma-cross-20-50,3ae81a2303c0,0d633c5,BTC-USD,4h,2025-10-01 00:00:00,2026-07-26,109,holdout,short,2026-03-27 16:00:00,66112.82,66079.76359000002,2026-03-30 04:00:00,67746.08144714287,67779.95448786645,stop,16,1110.8785714285727,67746.08144714287,63858.00644714287,0.03525627017503395,2329.725998231412,9318.903992925649,-57.582706846935885,4.719394386107137,2.359682797376479,7.079077183483616,-64.6617840304195,-0.00693877564137444,-0.006179128671209534,9254.24220889523,Chaotic,23.524082235007114,1.9629441616929972
ma-cross-20-50,3ae81a2303c0,0d633c5,BTC-USD,4h,2025-10-01 00:00:00,2026-07-26,110,holdout,long,2026-04-03 08:00:00,67042.08,67075.60104,2026-04-05 20:00:00,68964.27103999999,68929.78890448,target,16,944.3350000000002,65659.09853999999,68964.27103999999,0.03449183483043461,2313.5605522238075,9254.24220889523,66.299895864221,4.691075446013856,2.345554297980513,7.036629743994369,59.26326612022663,0.006403902640808606,0.007164270652057623,9313.505475015456,Chaotic,19.68635784403628,1.984908283460717
ma-cross-20-50,3ae81a2303c0,0d633c5,BTC-USD,4h,2025-10-01 00:00:00,2026-07-26,111,holdout,long,2026-04-06 08:00:00,69115.91,69150.467955,2026-04-06 08:00:00,70273.43224071428,70238.29552459392,target,1,561.4821428571407,68308.24474071429,70273.43224071428,0.033671158527359,2328.376368753864,9313.505475015456,38.975114866034055,4.693381152053957,2.3467003198054215,7.040081471859378,31.935033394174678,0.003428895111496317,0.0041847953996042905,9345.44050840963,Ranging,20.343802588493926,1.941753051586891
ma-cross-20-50,3ae81a2303c0,0d633c5,BTC-USD,4h,2025-10-01 00:00:00,2026-07-26,112,holdout,short,2026-04-29 00:00:00,76342.78,76304.60861000001,2026-04-29 08:00:00,77574.30396714287,77613.09111912643,stop,3,846.4635714285707,77574.30396714287,74611.68146714287,0.030618859983199215,2336.3601271024077,9345.44050840963,-37.70785991590162,4.712784496942223,2.3563828215054556,7.069167318447678,-44.7770272343493,-0.004791323340409266,-0.0040348937946766295,9300.663481175281,Chaotic,15.611537126160517,1.9958531164842095
ma-cross-20-50,3ae81a2303c0,0d633c5,BTC-USD,4h,2025-10-01 00:00:00,2026-07-26,113,holdout,long,2026-05-03 04:00:00,78203.07,78242.171535,2026-05-04 00:00:00,79453.39867785714,79413.67197851822,target,6,605.6135714285712,77333.75117785715,79453.39867785714,0.02971755288327735,2325.1658702938203,9300.663481175281,37.156708605697645,4.685145866970675,2.342582222662074,7.027728089632749,30.128980516064896,0.0032394442156784323,0.003995059995548009,9330.792461691346,Ranging,23.572286041616355,1.9289975250606508
ma-cross-20-50,3ae81a2303c0,0d633c5,BTC-USD,4h,2025-10-01 00:00:00,2026-07-26,114,holdout,short,2026-05-14 04:00:00,79044.86,79005.33757,2026-05-14 12:00:00,80190.10507,80230.200122535,stop,3,789.8450000000022,80190.10507,77425.64757,0.029525829357491554,2332.6981154228365,9330.792461691346,-33.8143105093286,4.701561313558202,2.3507722032011245,7.052333516759327,-40.866644026087926,-0.004379761332584632,-0.0036239484104010657,9289.925817665258,Chaotic,30.71630360035548,1.9776397712061708
ma-cross-20-50,3ae81a2303c0,0d633c5,BTC-USD,4h,2025-10-01 00:00:00,2026-07-26,115,holdout,long,2026-05-27 04:00:00,75683.0,75720.8415,2026-05-27 20:00:00,74603.64042857142,74566.33860835714,stop,5,744.8007142857138,74603.64042857142,77210.44292857143,0.030671627631295075,2322.4814544163146,9289.925817665258,-33.10571485513154,4.6095524260409055,2.30476793659156,6.914320362632465,-40.020035217764004,-0.004307896101997274,-0.0035636145546156426,9249.905782447495,Ranging,16.13205946286393,1.9416224482826072
ma-cross-20-50,3ae81a2303c0,0d633c5,BTC-USD,4h,2025-10-01 00:00:00,2026-07-26,116,holdout,long,2026-06-12 00:00:00,63626.0,63657.812999999995,2026-06-14 20:00:00,65568.56014285714,65535.77586278571,target,18,955.3735714285706,62224.75264285714,65568.56014285714,0.03632667125419269,2312.4764456118737,9249.905782447495,70.56674370106889,4.693173030767746,2.346604157069592,7.0397771878373385,63.52696651323155,0.006867850117325468,0.007628914862568163,9313.432748960726,Ranging,21.4937697820061,1.9212007549175554
ma-cross-20-50,3ae81a2303c0,0d633c5,BTC-USD,4h,2025-10-01 00:00:00,2026-07-26,117,holdout,short,2026-06-19 16:00:00,63214.01,63182.402995000004,2026-06-22 00:00:00,64643.721209285715,64676.04306989035,stop,15,974.2121428571425,64643.721209285715,61233.97870928572,0.03685137121841406,2328.3581872401815,9313.432748960726,-52.68681850851549,4.711759059346846,2.355866357968459,7.0676254173153055,-59.7544439258308,-0.00641594195571968,-0.005657078322103604,9253.678305034895,Chaotic,23.785168082178465,1.9754500818697418
ma-cross-20-50,3ae81a2303c0,0d633c5,BTC-USD,4h,2025-10-01 00:00:00,2026-07-26,118,holdout,long,2026-07-03 12:00:00,62024.01,62055.022005,2026-07-05 20:00:00,63964.84771928571,63932.86529542607,target,15,954.9128571428565,60622.65271928572,63964.84771928571,0.03728013465328113,2313.4195762587237,9253.678305034895,72.35469151513823,4.696845403242292,2.348440790293836,7.0452861935361275,65.3094053216021,0.007057669736159671,0.007819019543371233,9318.987710356498,Chaotic,28.136620464355122,1.9731912292230913
ma-cross-20-50,3ae81a2303c0,0d633c5,BTC-USD,4h,2025-10-01 00:00:00,2026-07-26,119,holdout,short,2026-07-25 20:00:00,64388.39,64356.195805,2026-07-26 04:00:00,64370.0,64402.185,end of data (forced close),3,482.6071428571423,65080.10651928571,63390.98151928572,0.03620081793908832,2329.7469275891244,9318.987710356498,0.6657330418998131,4.6611587016536085,2.3305795172598502,6.991738218913459,-6.326005177013646,-0.0006788296512059296,7.143834315394172e-05,9312.661705179484,Ranging,21.779293031657087,1.8835333064448558
